Landing page,Sessions,Session key event rate,Key events
/sv,1803,0.052135330005546314,126
(not set),1541,0.006489292667099286,10
/insights/blogs/germany-a-new-era-for-investment/germanys-record-defence-modernisation-drive-as-of-22-october-2025,1066,0.0028142589118198874,3
/,1037,0.01639344262295082,26
/sv/om-oss/jobba-hos-oss/lediga-tjanster,368,0,0
/sv/om-oss/jobba-hos-oss/vill-du-paborja-en-global-karriar,282,0,0
/about-us/join-us/vacant-positions,255,0,0
/about-us/join-us/ready-to-kick-start-a-global-career,196,0,0
/sv/kontakt,112,0.11607142857142858,20
/invest-in-sweden,102,0.0196078431372549,3
/insights/calendar/2026/us-sweden-tariff-intelligence--advisory-webinar,84,0.011904761904761904,1
/sv/om-oss/organisation-och-styrning/ledningsgrupp,82,0,0
/about-us,81,0,0
/sv/om-oss/jobba-hos-oss/we-are-business-sweden,81,0,0
/about-us/join-us/students,66,0,0
/expand-globally/markets/asia-pacific/japan,65,0.03076923076923077,2
/sv/om-oss/organisation-och-styrning/styrelse,63,0.031746031746031744,9
/insights/blogs/germany-a-new-era-for-investment/germany-accelerates-digital-expansion-as-of-12-september-2025,60,0,0
/guider/skeppningshandboken,59,0.06779661016949153,6
/events/ae13d102e7,57,0,0
/about-us/join-us,56,0,0
/events/ec0b9280fe,52,0.3076923076923077,17
/about-us/organisation--governance/management,52,0,0
/sv/om-oss/jobba-hos-oss/studenter,50,0,0
/sv/insikter/kalendarium/2026/techarenan-2026,48,0,0
/search,47,0.02127659574468085,1
/sv/expandera-globalt/marknader/nord-och-sydamerika/brasilien,47,0,0
/contact,46,0.06521739130434782,4
/guider/exportguiden/transporter-och-leveransvillkor/leveransvillkor-incoterms-mfl,43,0,0
/guider/frihandelsguiden,42,0.21428571428571427,12
/insights/blogs/germany-a-new-era-for-investment/germany-ramps-up-transport-upgrades-as-of-21-august2025,42,0.047619047619047616,3
/expand-globally/markets/americas/colombia,41,0,0
/expand-globally/sme/catalyst,40,0,0
/expand-globally/markets/americas/canada,39,0.05128205128205128,2
/insights/articles/swedens-sustainable-lifestyle-ecosystem,39,0,0
/expand-globally/markets/asia-pacific/india,38,0.05263157894736842,2
/expand-globally/markets/mea/saudi-arabia,36,0.027777777777777776,1
/expand-globally/markets/europe/spain,36,0,0
/insights/articles/chinas-demographic-shift-a-catalyst-for-economic-transformation,36,0,0
/insights/blogs/us-trade-policy-shifts/from-robotics-to-timber-new-us-tariff-risks-for-swedish-firms,36,0,0
/expand-globally/markets/mea/kenya,34,0.08823529411764706,4
/expand-globally/markets/asia-pacific/singapore,34,0.058823529411764705,2
/insights/reports/whitepapers--guides/growth-beyond-the-nordics-how-swedish-acquirers-win-in-cross-border-ma,34,0.029411764705882353,2
/sv/om-oss/team-sweden,34,0.029411764705882353,1
/insights/articles/global-boom-in-defence-and-security-shines-spotlight-on-swedish-exporters,34,0,0
/insights/focusasia-2024/100-business-opportunities-in-asia,34,0,0
/insights/reports/business-climate-surveys,33,0.06060606060606061,5
/expand-globally/markets/americas/usa,33,0,0
/insights/blogs/germany-a-new-era-for-investment/germany-accelerates-large-scale-upgrades-across-its-energy-system-as-of-11-december-2025,33,0,0
/sv/expandera-globalt/sme/catalyst,33,0,0
/insights/calendar/2025/sweden-us-life-science-program-at-j.p.-morgan-week-2026,32,0,0
,31,0.03225806451612903,1
/expand-globally/markets/asia-pacific/south-korea,31,0.03225806451612903,1
/insights/calendar,31,0.03225806451612903,1
/about-us/team-sweden,31,0,0
/guider/exportguiden/blanketter-och-formular,30,0.7666666666666667,28
/sv/expandera-globalt/sme,30,0.1,3
/expand-globally/markets/mea/united-arab-emirates,29,0.06896551724137931,2
/invest-in-sweden/online-tools/site-finder,29,0.034482758620689655,1
/sv/om-oss/jobba-hos-oss,29,0.034482758620689655,1
/sv/insikter/kundcase/nvidia,29,0,0
/about-us/organisation--governance/board-of-directors,28,0,0
/insights/articles/inside-hong-kongs-rising-role-as-a-supply-chain-hub,28,0,0
/sv/expandera-globalt/sme/catalyst/,28,0,0
/expand-globally/markets/europe/germany,27,0.037037037037037035,2
/sv/expandera-globalt/marknader/asien-och-oceanien/japan,27,0.14814814814814814,4
/sv/expandera-globalt/marknader/mellanostern-och--afrika/saudiarabien,27,0.037037037037037035,1
/events/ad7a4a785d,27,0,0
/insights/blogs/germany-a-new-era-for-investment/germany-reshapes-housing-and-heating-as-of-15-december-2025,27,0,0
/invest-in-sweden/start-a-company-in-sweden,26,0.2692307692307692,20
/expand-globally/markets/asia-pacific,26,0.038461538461538464,2
/guider/exportguiden/frihandelsregler/leverantorsdeklaration,25,0.64,24
/brand--design-guidelines/logotype,25,0.64,16
/sv/expandera-globalt/marknader/nord-och-sydamerika/usa,25,0.08,2
/insights/articles/taiwans-healthcare-tale-navigating-accessibility-affordability-and-quality-in-an-ageing-society,25,0,0
/expand-globally/markets/americas/brazil,24,0.041666666666666664,2
/events/ebda2fca22,24,0,0
/expand-globally/markets/europe/united-kingdom,24,0,0
/about-us/media/press-releases/press-releases/2025/swedish-tech-continues-to-defy-the-economic-downturn,23,0,0
/industries,23,0.043478260869565216,1
/expand-globally/markets/asia-pacific/indonesia,23,0.043478260869565216,6
/expand-globally/markets/americas/mexico,23,0,0
/public/events/db78b65620/pages/cbcba45425,23,0,0
/sv/expandera-globalt/marknader/mellanostern-och--afrika/forenade-arabemiraten,22,0.045454545454545456,1
/sv/investera-i-sverige/onlineverktyg/site-finder,22,0,0
/sv/kontakter/sverige/hq/stockholm,22,0,0
/expand-globally/markets/europe/italy,21,0.09523809523809523,2
/invest-in-sweden/sweden,21,0.09523809523809523,2
/sv/expandera-globalt/marknader/asien-och-oceanien/australien,21,0,0
/sv/expandera-globalt/marknader/europa/frankrike,21,0,0
/expand-globally/geopolitical-advisory,20,0.05,1
/expand-globally/markets/asia-pacific/thailand,20,0.05,1
/insights/blogs/germany-a-new-era-for-investment,20,0.05,1
/insights/client-cases/blackwing,20,0.05,1
/expand-globally/markets/mea/morocco,20,0,0
/sv/investera-i-sverige,19,0,0
/expand-globally/business-support-services,19,0,0
/sv/expandera-globalt/geopolitisk-radgivning/geo-panelen,19,0.10526315789473684,2
/guider/exportguiden/frihandelsregler,18,0.16666666666666666,3
/sv/expandera-globalt/marknader/europa/tyskland,18,0.05555555555555555,1
/events/ff263cdc5e,18,0,0
/insights/articles/three-reasons-why-hong-kong-is-a-bridge-between-east-and-west,18,0,0
/sv/insikter/kalendarium,18,0,0
/sv/insikter/kundcase/amazon-web-services-landar-pa-svensk-mark,18,0,0
/insights/global-analysis/global-business-climate-survey,17,0.6470588235294118,11
/sv/insikter/globala-analyser/global-exportanalys,17,0.23529411764705882,4
/expand-globally/markets/mea/south-africa,17,0.058823529411764705,2
/expand-globally/markets/asia-pacific/australia,17,0.058823529411764705,1
/sv/expandera-globalt/marknader/sverige---vara-kontor,17,0.058823529411764705,1
/sv/expandera-globalt/marknader/asien-och-oceanien/sydkorea,17,0,0
/sv/expandera-globalt/marknader/mellanostern-och--afrika/sydafrika,17,0,0
/sv/insikter/kundcase/blackwing-startklar-for-svensk-expansion,17,0,0
/sv/om-oss/media/pressreleaser/pressreleaser/2025/svensk-naringslivsdelegation-till-kanada-med-fokus-pa-ai-forsvar--sakerhet-samt-elektrifiering-i-samband-med-kungaparets-statsbesok,17,0,0
/expand-globally/markets/europe/france,16,0.125,2
/campaigns/join-sweden,16,0.0625,1
/industries/life-science,16,0.0625,1
/sv/expandera-globalt/exportregler/kurser-i-exportregler,16,0.0625,1
/sv/expandera-globalt/marknader/mellanostern-och--afrika,16,0.0625,1
/expand-globally/markets/asia-pacific/malaysia,16,0,0
/sv/insikter/kalendarium/2025/techarenan-2026,16,0,0
/sv/om-oss,16,0,0
/sv/om-oss/media/pressreleaser/pressreleaser/2024/svenska-startups-har-fordubblat-sitt-varde-de-senaste-fem-aren--med-impact-bolag-i-spetsen,16,0,0
/insights/reports,15,0.2,5
/sv/expandera-globalt/marknader/asien-och-oceanien/kina,15,0.13333333333333333,2
/expand-globally/markets/europe/poland,15,0.06666666666666667,1
/sv/expandera-globalt/marknader/europa/italien,15,0.06666666666666667,1
/expand-globally/markets/americas/colombia/swedish-companies-in-colombia,15,0,0
/expand-globally/markets/asia-pacific/taiwan,15,0,0
/expand-globally/markets/asia-pacific/the-philippines,15,0,0
/sv/expandera-globalt/marknader/asien-och-oceanien/vietnam,15,0,0
/expand-globally/markets/mea,14,0,0
/sv/expandera-globalt/marknader/mellanostern-och--afrika/kenya,14,0.07142857142857142,1
/contacts2/asia-pacific/india/bangalore,14,0,0
/insights/global-analysis/global-exports,14,0.5,8
/sv/expandera-globalt/marknader/asien-och-oceanien/thailand,14,0,0
/sv/expandera-globalt/marknader/europa/polen,14,0,0
/sv/insikter/kundcase/nicks-pa-vag-mot-nya-framgangar-i-usa,14,0,0
/insights/calendar/2025/focus-asia---sme-study-trip-to-japan-and-korea,13,0.38461538461538464,7
/sv/insikter/globala-analyser/globala-direktinvesteringar,13,0.23076923076923078,4
/expand-globally/trade--development,13,0.07692307692307693,1
/insights/reports/business-climate-surveys/germany-business-climate-survey-2025,13,0.07692307692307693,1
/sv/expandera-globalt/marknader/europa/norge,13,0.07692307692307693,1
/contacts2/jan-larsson,13,0,0
/expand-globally/markets/americas/chile,13,0,0
/expand-globally/markets/asia-pacific/vietnam,13,0,0
/insights/articles,13,0,0
/insights/articles/new-opportunities-in-nigerias-booming-tech-industry,13,0,0
/insights/blogs/us-trade-policy-shifts/u.s.-trade-policy-shifts-what-sweden-needs-to-know-about-the-new-tariff-landscape,13,0,0
/invest-in-sweden/online-tools/compare-sweden,13,0,0
/sv/expandera-globalt/marknader/europa/spanien,13,0,0
/expand-globally/geopolitical-advisory/geo-insights,12,0.3333333333333333,7
/forms/contact-form,12,0.5,7
/expand-globally/markets/europe/ukraine,12,0.08333333333333333,1
/expand-globally/markets/mea/nigeria,12,0.08333333333333333,1
/sv/insikter/rapporter/whitepapers--guides/usa-fda-handbok,12,0.08333333333333333,1
/expand-globally/markets/asia-pacific/china,12,0,0
/expand-globally/markets/asia-pacific/hong-kong,12,0,0
/insights/articles/chinas-growing-demand-for-healthcare-services-and-medical-devices,12,0,0
/insights/blogs/us-trade-policy-shifts/what-does-the-us-eu-trade-deal-mean-for-swedish-companies,12,0,0
/insights/client-cases/swedish-company-nicks-on-the-road-to-sweet-success-in-the-us,12,0,0
/sv/expandera-globalt/geopolitisk-radgivning,12,0,0
/sv/kontakter/sverige/hq/lena-sellgren,12,0,0
/sv/om-oss/media/pressreleaser/pressreleaser/2026/eus-frihandelsavtal-med-mercosur-oppnar-nya-mojligheter-for-svenska-foretag,12,0,0
/insights/cop/the-climate-matchmaker-for-global-action,11,0.36363636363636365,4
/sv/forms/kontaktformular,11,0.18181818181818182,3
/insights/global-analysis/fdi-overview,11,0.18181818181818182,2
/insights/reports/business-climate-surveys/business-climate-survey-south-korea-2025,11,0.09090909090909091,1
/sv/expandera-globalt/marknader/europa/ukraina,11,0.09090909090909091,1
/contacts2/americas/usa/new-york,11,0,0
/expand-globally/markets/europe/the-czech-republic,11,0,0
/guider/e-handelsguiden,11,0,0
/industries/digital-technologies,11,0,0
/insights/articles/sweden-needs-foreign-investment-more-than-ever,11,0,0
/insights/articles/the-land-of-unicorns,11,0,0
/insights/client-cases/nordic-boom-in-robotic-surgery-intuitive-expands-in-sweden,11,0,0
/sv/expandera-globalt/marknader/asien-och-oceanien/hong-kong,11,0,0
/sv/expandera-globalt/marknader/asien-och-oceanien/indien,11,0,0
/sv/expandera-globalt/marknader/europa/benelux,11,0,0
/sv/expandera-globalt/marknader/europa/turkiet,11,0,0
/sv/expandera-globalt/marknader/nord-och-sydamerika/colombia,11,0,0
/sv/expandera-globalt/marknader/nord-och-sydamerika/kanada,11,0,0
/sv/om-oss/media/pressreleaser/pressreleaser/2025/andreas-scheibenpflug-ny-chef-for-region-sverige-pa-business-sweden,11,0,0
/sv/sok,11,0,0
/sv/insikter/globala-analyser/globala-ekonomiska-utsikter,10,0.4,6
/industries/energy,10,0.2,2
/industries/energy/sweden-the-most-scalable-battery-ecosystem-in-europe,10,0.2,2
/expand-globally/markets/europe/denmark,10,0.1,1
/logga-in,10,0.1,1
/events/ea881805f1,10,0,0
/expand-globally,10,0,0
/expand-globally/markets/sweden---our-offices,10,0,0
/insights/articles/the-radiant-rise-of-taiwans-beauty-industry2,10,0,0
/sv/expandera-globalt,10,0,0
/sv/expandera-globalt/marknader/asien-och-oceanien/singapore,10,0,0
/sv/expandera-globalt/marknader/europa/danmark,10,0,0
/sv/expandera-globalt/marknader/europa/storbritannien,10,0,0
/sv/expandera-globalt/marknader/nord-och-sydamerika,10,0,0
/sv/industrier,10,0,0
/insights/global-analysis,9,0.2222222222222222,3
/insights/reports/whitepapers--guides/growth-ahead-in-the-philippines,9,0.1111111111111111,2
/contacts2/americas/usa/chicago,9,0.1111111111111111,1
/contacts2/asia-pacific/india/new-delhi,9,0.1111111111111111,1
/insights/client-cases,9,0.1111111111111111,1
/insights/reports/whitepapers--guides/hong-kong-the-three-roles-for-swedish-companies,9,0.1111111111111111,1
/sv/kontakt/kontor-i-sverige,9,0.1111111111111111,1
/about-us/media/press-releases/press-releases/2024/swedish-startups-have-doubled-in-value-in-the-last-five-years-with-impact-taking-center-stage,9,0,0
/about-us/media/press-releases/press-releases/2025/business-sweden-expands-in-india-with-a-new-office-in-mumbai,9,0,0
/events/afc0aa80f3,9,0,0
/insights/articles/swedens-digital-technologies-ecosystem,9,0,0
/sv/expandera-globalt/sme/Kontakta-ehandelsexperter,9,0,0
/sv/insikter/expo-2025-osaka,9,0,0
/sv/kontakt/kontakta-business-sweden,9,0,0
/sv/om-oss/verksamhet-och-uppdrag,9,0,0
/sv/insikter/globala-analyser/global-exportanalys-tjanster,8,0.5,4
/insights/reports/business-climate-surveys/the-united-kingdom-business-climate-survey-2025,8,0.25,2
/expand-globally/markets/europe/norway,8,0.125,1
/insights,8,0.125,1
/insights/cop,8,0.125,1
/sv/expandera-globalt/marknader/asien-och-oceanien/malaysia,8,0.125,1
/sv/expandera-globalt/marknader/mellanostern-och--afrika/marocko,8,0.125,1
/contacts2/americas/usa/san-francisco,8,0,0
/expand-globally/strategic-projects/global-gateway,8,0,0
/insights/blogs/germany-a-new-era-for-investment/germanys-fiscal-foundations-for-the-coming-years--as-of-07.08.2025,8,0,0
/sv/campaigns/bio/starta-foretag-utomlands--expandera-till-nya-marknader,8,0,0
/sv/expandera-globalt/exportregler,8,0,0
/sv/expandera-globalt/marknader/asien-och-oceanien_container/indien,8,0,0
/sv/expandera-globalt/marknader/europa/osterrike,8,0,0
/sv/investera-i-sverige/sverige/samarbetspartners-i-sverige,8,0,0
/sv/om-oss/media/pressreleaser/pressreleaser/2025/svenska-bolag-visar-upp-spetskompetens-inom-forsvar-och-sakerhet-pa-mspo-2025,8,0,0
/expand-globally/markets/americas,7,0.2857142857142857,5
/insights/reports/business-climate-surveys/mainland-china-business-climate-survey-2025,7,0.42857142857142855,3
/insights/reports/business-climate-surveys/canada-business-climate-survey-20253,7,0.14285714285714285,2
/insights/reports/business-climate-surveys/india-business-climate-survey-2025,7,0.2857142857142857,2
/contacts2/asia-pacific/vietnam-ho-chi-minh-city,7,0.14285714285714285,1
/insights/reports/business-climate-surveys/malaysia-business-climate-survey-2025,7,0.14285714285714285,1
/insights/reports/executive-global-insights/the-rise-of-brics,7,0.14285714285714285,1
/insights/reports/whitepapers--guides/sustainability-and-conscious-consumerism-in-singapore,7,0.14285714285714285,1
/sv/expandera-globalt/marknader,7,0.14285714285714285,1
/sv/insikter/rapporter/executive-global-insights/vagen-till-resiliens-for-halvledare,7,0.14285714285714285,1
/sv/om-oss/media/pressreleaser/pressreleaser/2025/nytt-regeringsuppdrag-till-business-sweden-inom-investeringsframjandet,7,0.14285714285714285,1
/code-of-conduct,7,0,0
/contact/offices-in-sweden,7,0,0
/events/da5d577259,7,0,0
/events/dcf8ecdc26,7,0,0
/events/eb0eb9588d,7,0,0
/events/sweden-at-cop30,7,0,0
/expand-globally/markets/europe/benelux,7,0,0
/expand-globally/markets/europe_container/turkey,7,0,0
/expand-globally/trade--development/our-partnerships-for-trade--development,7,0,0
/guider/skeppningshandboken/landinformation,7,0,0
/industries/consumer-goods,7,0,0
/insights/articles/a-new-chapter-for-cote-divoire-swedish-alliance-accelerates-west-africas-largest-clean-water-project,7,0,0
/insights/articles/amping-up-north-americas-tech-powerhouse,7,0,0
/insights/articles/three-reasons-why-sweden-is-spearheading-the-global-fight-against-alzheimers,7,0,0
/insights/calendar/2025/tif/suppliers-declaration--provide-your-customer-with-the-correct-information-on-the-origin-of-goods,7,0,0
/insights/client-cases/nvidia,7,0,0
/insights/cop/the-climate-matchmaker-for-global-action/cases/energy/flower,7,0,0
/insights/expo-2025-osaka,7,0,0
/insights/podcasts/new-trends-in-the-swedish-retail-market,7,0,0
/sv/expandera-globalt/marknader/asien-och-oceanien/taiwan,7,0,0
/sv/expandera-globalt/marknader/europa/finland,7,0,0
/sv/expandera-globalt/marknader/europa_container/frankrike,7,0,0
/sv/expandera-globalt/marknader/mellanostern-och--afrika_container/forenade-arabemiraten,7,0,0
/sv/insikter/podcasts/afrikas-frihandelsavtal-signalerar-en-ny-era-for-tillvaxt,7,0,0
/sv/kontakter/americas/usa/new-york,7,0,0
/sv/om-oss/media/pressreleaser/pressreleaser/2025/business-sweden-oppnar-nytt-kontor-i-peru--starker-synergier-mellan-handel-och-utveckling,7,0,0
/expand-globally/markets/asia-pacific_container_eng/south-korea,6,0,0
/sv/om-oss/media/pressreleaser/pressreleaser/2025/ny-livsmedelssatsning-hos-business-sweden,6,0,0
/sv/insikter/rapporter,6,0.3333333333333333,2
/brand--design-guidelines,6,0.16666666666666666,1
/sv/expandera-globalt/marknader/asien-och-oceanien/filippinerna,6,0.16666666666666666,1
/sv/kontakter/per-porten,6,0.16666666666666666,1
/about-us/join-us/we-are-business-sweden,6,0,0
/about-us/media/press-releases,6,0,0
/contact/contact-business-sweden,6,0,0
/contacts2/christina-keighren,6,0,0
/events/bfb0a93ef3,6,0,0
/events/de09c43ddf,6,0,0
/expand-globally/delegationsandtrade-fairs,6,0,0
/expand-globally/markets/asia-pacific_container_eng/china,6,0,0
/expand-globally/markets/asia-pacific_container_eng/india,6,0,0
/insights/reports/business-climate-surveys/japan-business-climate-survey-2025,6,0.16666666666666666,6
/expand-globally/markets/europe/finland,6,0,0
/expand-globally/markets/mea_container/nigeria,6,0,0
/insights/articles/queen-of-the-waves-inna-braverman,6,0,0
/insights/articles/setting-up-your-business-in-nigeria-a-practical-guide,6,0,0
/insights/blogs/germany-a-new-era-for-investment/germanys-record-defence-modernisation-drive-as-of-22-october-20252,6,0,0
/insights/calendar/2025/sweden-indonesia-sustainability-partnership-week,6,0,0
/public/events/bfb0a93ef3/pages/fc0af257a3,6,0,0
/sv/expandera-globalt/business-support-services/stod-vid-foretagsetablering,6,0,0
/sv/expandera-globalt/strategiska-projekt,6,0,0
/sv/expandera-globalt/strategiska-projekt/global-gateway,6,0,0
/sv/insikter/artiklar/sveriges-life-science-industrier,6,0,0
/sv/insikter/artiklar/taiga-motors,6,0,0
/sv/kontakt/fakturor,6,0,0
/sv/kontakter/mattias-dec,6,0,0
/sv/kontakter/nikki-brandt,6,0,0
/sv/om-oss/media/pressreleaser/pressreleaser/2024/victoria-rossi-ny-cco-for-business-sweden,6,0,0
/insights/global-analysis/global-economic-outlook,6,0.5,3
/about-us/sustainability/focus-areas,5,0,0
/sv/om-oss/media/pressreleaser/pressreleaser/2025/internationella-handelsdagen-2025-strategier-for-framgang-i-en-ny-global-verklighet,5,0,0
/insights/reports/whitepapers--guides/malaysias-semiconductor-momentum,5,0.2,2
/insights/reports/whitepapers--guides/swedens-nuclear-future--mapping-the-value-chain,5,0.2,2
/sv/insikter/rapporter/whitepapers--guides/karnkraftens-framtid-i-sverige---en-kartlaggning-av-vardekedjan,5,0.2,2
/insights/reports/business-climate-surveys/taiwan-business-climate-survey-2025,5,0.2,1
/sv/insikter/rapporter/business-climate-surveys/indien-business-climate-survey-20252,5,0.2,1
/sv/kalendarium,5,0.2,1
/sv/om-oss/media/pressreleaser/pressreleaser/2025/investeringsviljan-faller-i-skuggan-av-geopolitiken,5,0.2,1
/sv/om-oss/organisation-och-styrning,5,0.2,1
/about-us/media/press-releases/press-releases/2024/cloud-provider-coreweave-establishes-presence-in-sweden,5,0,0
/expand-globally/markets/asia-pacific/taiwan/konsulara-tjanster-for-svenska-medborgare,5,0.6,3
/calendar,5,0,0
/contacts2/jaani-heinonen,5,0,0
/contacts2/kacper-pierzynowski,5,0,0
/contacts2/michail-pagounis,5,0,0
/cop,5,0,0
/events/afc0aa80f3/overview,5,0,0
/expand-globally/market-expansion,5,0,0
/expand-globally/markets/asia-pacific/taiwan/consular-services-for-taiwanese-citizen,5,0,0
/expand-globally/markets/europe/austria,5,0,0
/expand-globally/markets/europe_container/united-kingdom,5,0,0
/insights/articles/nigeria-a-fashion-hot-spot,5,0,0
/insights/articles/swedens-new-material-ecosystem,5,0,0
/insights/blogs/all-blogs/five-pillars-of-growth-in-indias-healthcare-sector,5,0,0
/insights/blogs/us-trade-policy-shifts,5,0,0
/insights/blogs/us-trade-policy-shifts/tariff-turmoil-is-back-as-90-day-pause-ends,5,0,0
/insights/client-cases/amazon-web-services,5,0,0
/insights/client-cases/swedish-unicorn-polarium-reduces-diesel-dependency-in-africa,5,0,0
/insights/client-cases/westermo-captures-transport-and-industrial-automation-boom-in-india,5,0,0
/insights/client-cases/zalando,5,0,0
/insights/global-analysis/export-managers-index,5,0,0
/insights/podcasts/south-korean-sono-group-establishes-a-new-concept-on-the-high-coast,5,0,0
/insights/reports/executive-global-insights/DEI,5,0,0
/kurser/internationell-e-handel,5,0,0
/public/events/ac9f6b716d/pages/ed19bd5af0,5,0,0
/shortcut-redirect/contacts-join-sweden-2025,5,0,0
/sv/expandera-globalt/delegationerochmassor,5,0,0
/sv/expandera-globalt/exportregler/kursbeskrivningar,5,0,0
/sv/expandera-globalt/exportregler/kursbeskrivningar/leveransvillkor-och-incoterms-2020,5,0,0
/sv/expandera-globalt/marknader/europa/tjeckien,5,0,0
/sv/expandera-globalt/sme/go-global,5,0,0
/sv/insikter/focusasia-2024/100-affarsmojligheter-asien/2024/eastern-hsr-phase-1-and-2,5,0,0
/sv/insikter/focusasia-2024/100-affarsmojligheter-asien/2024/lien-chieu-seaport,5,0,0
/sv/insikter/focusasia-2024/100-affarsmojligheter-asien/2024/sustainable-fashion-in-india-bangladesh,5,0,0
/sv/insikter/kundcase/hur-tiger-of-sweden-tog-sin-in-pa-den-koreanska-marknaden,5,0,0
/sv/insikter/podcasts,5,0,0
/sv/kontakter/event-kontakter/jenny-stromberg,5,0,0
/sv/kontakter/niklas-grybe,5,0,0
/sv/kontakter/sara-hedin,5,0,0
/sv/kontakter/sverige/regionala-kontakter/sme,5,0,0
/sv/kontakter/yvonne-pernodd,5,0,0
/sv/om-oss/hallbarhet/fokusomraden,5,0,0
/insights/reports/business-climate-surveys/thailand-business-climate-survey-2025,5,0.6,3
/sv/insikter/kundcase/cellavision-expanderar-globalt-med-flexibla-foretagstjanster,4,0,0
/sv/om-oss/media/pressreleaser/pressreleaser/2025/svensk-tech-fortsatter-trotsa-lagkonjunkturen,4,0,0
/guider/exportguiden/tullar-och-dokument/export-till-lander-utanfor-eu/dokumentkrav,4,0.25,1
/insights/reports/executive-global-insights,4,0.25,1
/sv/insikter/kundcase/personalkollen-har-framgangsrikt-validerat-sin-produkt-med-viktiga-partners,4,0.25,1
/about-us/employment-service-questions--answers,4,0,0
/about-us/media/press-releases/press-releases/2025/join-sweden-summit-global-business-leaders-gather-in-stockholm,4,0,0
/about-us/media/press-releases/press-releases/2025/sweden-leads-the-way-toward-the-mining-industry-of-the-future-at-imarc-2025-in-sydney,4,0,0
/about-us/media/press-releases/press-releases/2025/swedish-business-delegation-to-canada-focusing-on-ai-defence--security-and-electrification-in-connection-with-the-royal-couples-state-visit,4,0,0
/about-us/sustainability/whistleblowing-service,4,0,0
/brand--design-guidelines/colours,4,0,0
/brand--design-guidelines/typography,4,0,0
/campaigns/Germanys-investment-push-opportunities-for-swedish-companies,4,0,0
/contact/invoices,4,0,0
/contacts2/event-contacts/martin-ekberg-advisory,4,0,0
/contacts2/per-porten,4,0,0
/contacts2/rickard-levin,4,0,0
/contacts2/sweden/hq/emma-modeer-wiking,4,0,0
/events/ae13d102e7/overview,4,0,0
/events/afc0aa80f3/login,4,0,0
/events/faf25bd9ef,4,0,0
/expand-globally/business-support-services/eu-salary-administration,4,0,0
/expand-globally/geopolitical-advisory/geo-panel,4,0,0
/expand-globally/markets/asia-pacific_container_eng/singapore,4,0,0
/expand-globally/markets/europe,4,0,0
/expand-globally/markets/europe_container/benelux,4,0,0
/expand-globally/sme,4,0,0
/expand-globally/sme/go-global,4,0,0
/expand-globally/trade--development/helpdesk-for-responsible-business-conduct,4,0,0
/guider/e-handelsguiden/landinformation/italien,4,0,0
/industries/materials,4,0,0
/industries/transport,4,0,0
/insights/articles/how-sweden-unlocked-sub-saharan-africas-largest-solar-project,4,0,0
/insights/articles/liberia--a-market-on-the-rise,4,0,0
/insights/articles/relevance-of-chinas-new-economic-measures-for-swedish-companies,4,0,0
/insights/articles/swedens-battery-industry-grows-kedali-sets-up-production-at-northvolt-gigafactory,4,0,0
/insights/articles/swedens-life-science-ecosystem,4,0,0
/insights/articles/the-big-fashion-opportunity-in-apac--how-to-build-your-presence,4,0,0
/insights/articles/the-golden-child--business-opportunities-introducing-sustainable-childrens-wear-and-learning-concepts-in-asia,4,0,0
/insights/articles/unlocking-housing-efficiency-and-affordability,4,0,0
/insights/blogs/us-trade-policy-shifts/Navigating-US-customs-compliance,4,0,0
/insights/calendar/2025/high-level-business-delegation-to-poland,4,0,0
/insights/calendar/2025/the-swedish-pavilion-at-mobile-world-congress-2026,4,0,0
/insights/calendar/2025/winning-public-tenders,4,0,0
/insights/cop/the-climate-matchmaker-for-global-action/cases/buildings/Adapteo-Worker-villages-at-scale,4,0,0
/insights/reports/executive-global-insights/navigating-supply-chain-complexities,4,0,0
/privacy-policy,4,0,0
/public/events/ac9f6b716d/pages/db84baabc2,4,0,0
/public/events/ad7a4a785d/pages/acdcc51b10,4,0,0
/public/events/ca899c995f/pages/fcc660062e,4,0,0
/public/events/da5d577259/pages/ef654e58e7,4,0,0
/public/events/dbd4c799c1/pages/bd76439ba0,4,0,0
/public/events/sweden-at-cop29/companies/fe40860fab,4,0,0
/public/events/sweden-at-cop30/booths,4,0,0
/sv/campaigns/kriget-i-ukraina/hur-stor-ar-sveriges-handel-med-ryssland,4,0,0
/sv/expandera-globalt/exportregler/kursbeskrivningar/e-handel,4,0,0
/sv/expandera-globalt/marknader/asien-och-oceanien/indonesien,4,0,0
/sv/expandera-globalt/marknader/mellanostern-och--afrika_container/kenya,4,0,0
/sv/expandera-globalt/marknader/nord-och-sydamerika/mexiko,4,0,0
/sv/industrier/energy,4,0,0
/sv/insikter/focusasia-2024/100-affarsmojligheter-asien/2024/Nordic-Health-Summit,4,0,0
/sv/insikter/kundcase,4,0,0
/sv/industrier/life-science,4,0.25,5
/sv/insikter/kundcase/hcl,4,0,0
/sv/insikter/kundcase/organowood-expanderar-globalt-med-miljovanliga-traprodukter,4,0,0
/sv/insikter/kundcase/parans-solar-lyser-upp-usa,4,0,0
/sv/insikter/podcasts/carin-skoglar-om-vikten-att-jobba-med-exporttekniska-fragor,4,0,0
/sv/insikter/rapporter/whitepapers--guides/en-uppdaterad-plan-for-att-navigera-i-kina-under-osakra-forhallanden,4,0,0
/sv/kontakter/carl-johan-hedberg,4,0,0
/sv/kontakter/johan-lennefalk,4,0,0
/sv/kontakter/martin-skoogh,4,0,0
/sv/kontakter/per-jansson,4,0,0
/sv/kontakter/sten-lindmark,4,0,0
/sv/om-oss/media/pressreleaser/pressreleaser/2024/nya-jobb-till-trollhattan-nar-gkn-aerospace-investerar-600-miljoner-sek-i-ny-anlaggning,4,0,0
/sv/om-oss/media/pressreleaser/pressreleaser/2025/annika-stal-ny-vice-president-europa-for-business-sweden3,4,0,0
/sv/insikter/kalendarium/2025/focus-asia---sme-study-trip-to-japan-and-korea,4,0.5,2
/contacts2/maria-aguirre2,3,0,0
/sv/om-oss/media/pressreleaser/pressreleaser/2025/svenska-bolag-fortsatter-att-prestera-starkt-internationellt-trots-ett-mer-osakert-globalt-affarsklimat,3,0,0
/insights/reports/business-climate-surveys/hong-kong-sar-business-climate-survey-2025,3,0.6666666666666666,2
/insights/reports/whitepapers--guides/unlocking-opportunities-in-zimbabwes-mining-sector,3,0.3333333333333333,2
/sv/expandera-globalt/marknader/asien-och-oceanien/taiwan/konsulara-tjanster-for-svenska-medborgare,3,0.3333333333333333,2
/events/bd991d147a,3,0.3333333333333333,1
/expand-globally/business-support-services/finance-and-controlling-services,3,0.3333333333333333,1
/insights/reports/business-climate-surveys/brazil-business-climate-survey-2025,3,0.3333333333333333,1
/sv/industrier/industrials,3,0.3333333333333333,1
/sv/insikter/globala-analyser,3,0.3333333333333333,1
/sv/insikter/rapporter/whitepapers--guides/hallbar-energi-i-nederlanderna,3,0.3333333333333333,1
/sv/kontakter/jaani-heinonen,3,0.3333333333333333,1
/sv/kontakter/sverige/regionala-kontakter/region-jonkoping,3,0.3333333333333333,1
/sv/om-oss/media/pressreleaser,3,0.3333333333333333,1
/about-us/media,3,0,0
/about-us/media/press-releases/press-releases/2023/business-sweden-appoints-peter-ekdahl-as-new-vice-president--head-of-americas,3,0,0
/about-us/media/press-releases/press-releases/2024/national-university-health-system-sahlgrenska-university-hospital-and-industry-partners-astrazeneca-and-ericsson-establish-global-health-innovation-network,3,0,0
/about-us/media/press-releases/press-releases/2025/swedish-companies-continue-to-perform-well-overseas-despite-a-more-uncertain-global-business-climate,3,0,0
/about-us/organisation--governance,3,0,0
/campaign/asia-pacific-is-a-key-region-for-supply-chains,3,0,0
/contacts2/asia-pacific/australia,3,0,0
/contacts2/asia-pacific/singapore,3,0,0
/contacts2/event-contacts/johan-thuree,3,0,0
/contacts2/event-contacts/robin-roj,3,0,0
/contacts2/event-contacts/vitaliy-tsvyntarnyy,3,0,0
/contacts2/helena-barrantes-carlsson,3,0,0
/contacts2/henrik-zygmunt,3,0,0
/contacts2/johan-holmlund,3,0,0
/contacts2/lisa-ostberg,3,0,0
/sv/expandera-globalt/exportregler/exportguider,3,0.3333333333333333,3
/contacts2/marie-claire-maxwell,3,0,0
/contacts2/mats-shore,3,0,0
/contacts2/mea/west-africa,3,0,0
/contacts2/moa-stahlberg,3,0,0
/contacts2/monica-sommarvinge,3,0,0
/contacts2/sweden/hq/stockholm,3,0,0
/events/ba95896e32,3,0,0
/events/cff50d9d3b,3,0,0
/events/db78b65620,3,0,0
/events/dd8aee24ac,3,0,0
/expand-globally/business-to-government,3,0,0
/expand-globally/markets,3,0,0
/expand-globally/markets/mea_container/kenya,3,0,0
/expand-globally/sme/exportproject,3,0,0
/expand-globally/strategic-projects,3,0,0
/guider/exportguiden/tradecompliance/tradecompliancesanktioner,3,0,0
/guider/exportguiden/transporter-och-leveransvillkor/packning-och-markning,3,0,0
/guider/exportguiden/tullar-och-dokument/export-till-lander-utanfor-eu/ursprungsland,3,0,0
/guider/frihandelsguiden/avtal-per-land/marocko,3,0,0
/industries/industrials,3,0,0
/insights/articles/Smarter-heating-and-cooling-solutions-imperative-for-green-transition,3,0,0
/insights/articles/health-on-the-rise--opportunities-in-china-within-healthy-food-beverages-and-supplements,3,0,0
/insights/articles/indian-tech-giant-tcs-the-heartbeat-of-innovation-is-found-in-sweden,3,0,0
/insights/articles/swedens-smart-energy-ecosystem,3,0,0
/insights/articles/swedens-smart-industry-ecosystem,3,0,0
/insights/blog/u.s.-trade-shifts-from-globalisation-to-onshoring--a-decade-in-the-making,3,0,0
/insights/blogs/all-blogs/indian-economy-sees-healthy-post-covid-recovery-set-to-grow-by-9.2,3,0,0
/insights/blogs/us-trade-policy-shifts/US-shutdown-risks-in-2026,3,0,0
/insights/blogs/us-trade-policy-shifts/u.s.-trade-policy-shifts-tariff-updates-economic-impact-and-renewable-energy-outlook,3,0,0
/insights/blogs/us-trade-policy-shifts/u.s.-trade-shifts-steel-aluminium-tariffs-eu-response,3,0,0
/insights/client-cases/KPIT-accelerates-mobility-in-sweden,3,0,0
/insights/client-cases/atlas-copcos-market-specific-strategic-approach-boosts-growth-in-apac,3,0,0
/insights/client-cases/cellavision-push-global-expansion-with-lean-business-approach,3,0,0
/insights/client-cases/how-tiger-of-sweden-ventured-into-the-korean-market,3,0,0
/insights/client-cases/inpipes-pioneering-innovation-goes-global,3,0,0
/insights/client-cases/revitalizing-bolons-presence-in-japan,3,0,0
/insights/client-cases/telenor-connexion,3,0,0
/sv/om-oss/media,3,0.3333333333333333,3
/insights/cop/the-climate-matchmaker-for-global-action/cases/industry/sekab,3,0,0
/insights/focusasia-2024/100-business-opportunities-in-asia/2024/district-cooling-development-in-guangdong-province,3,0,0
/insights/podcasts,3,0,0
/insights/podcasts/how-is-trading--with-iran-affected-after-usa-left-the-nuclear-deal,3,0,0
/insights/reports/business-climate-surveys/Morocco-business-climate-survey-2025,3,0,0
/insights/reports/business-climate-surveys/austria-business-climate-survey-2025,3,0,0
/insights/reports/business-climate-surveys/spain-business-climate-survey-2025,3,0,0
/insights/reports/business-climate-surveys/ukraine-business-climate--survey-2025,3,0,0
/insights/reports/executive-global-insights/winning-public-tenders,3,0,0
/insights/reports/whitepapers--guides/chinas-overcapacity-problem-what-swedish-companies-need-to-know,3,0,0
/invest-in-sweden/sweden/partners-in-sweden,3,0,0
/konto,3,0,0
/public/events/fbea594436/pages/aa0649aa9d,3,0,0
/sv/brand--design-guidelines,3,0,0
/sv/expandera-globalt/business-support-services/centrala-och-flexibla-arbetsplatser-i-varlden,3,0,0
/sv/expandera-globalt/exportregler/kursbeskrivningar/frihandelsregler,3,0,0
/sv/expandera-globalt/exportregler/kursbeskrivningar/internationell-handel-och-logistik--ett-strategiskt-angreppssatt,3,0,0
/sv/expandera-globalt/exportregler/kursbeskrivningar/leverantorsdeklaration,3,0,0
/sv/expandera-globalt/handel-och-utveckling/helpdesk-for-ansvarsfullt-foretagande,3,0,0
/sv/expandera-globalt/kontakta-en-radgivare,3,0,0
/sv/expandera-globalt/marknader/europa_container/spanien,3,0,0
/sv/expandera-globalt/marknader/europa_container/turkiet,3,0,0
/sv/expandera-globalt/marknader/nord-och-sydamerika/chile,3,0,0
/sv/expandera-globalt/sales-acceleration,3,0,0
/sv/industrier/transport,3,0,0
/sv/insikter,3,0,0
/sv/insikter/artiklar/hur-sverige-loste-det-storsta-solprojektet-i-afrika-soder-om-sahara,3,0,0
/sv/insikter/artiklar/kinas-corporate-social-credit-system--risk-och-mojlighet-for-svenska-foretag,3,0,0
/sv/insikter/artiklar/liberia-en-nation-pa-vag-att-aterhamta-sig-med-stor-potential,3,0,0
/sv/insikter/artiklar/okande-halsofokus--mojligheter-i-kina-inom-halsosam-mat-dryck-och-tillskott,3,0,0
/sv/insikter/artiklar/sa-uppnar-du-framgang-med-din-e-handel-internationellt,3,0,0
/sv/insikter/focusasia-2024/100-affarsmojligheter-asien/2024/advancing-energy-efficiency-in-the-philippines,3,0,0
/sv/insikter/globala-analyser/exportchefsindex,3,0,0
/sv/insikter/kalendarium/2025/tif/internationell-e-handel,3,0,0
/sv/insikter/kundcase/aqua-robur-tar-upp-kampen-mot-den-globala-bristen-pa-dricksvatten,3,0,0
/sv/insikter/kundcase/dana-accelererar--in-i-e-mobilitetens--era-med--en-ny-anlaggning--i-sverige,3,0,0
/sv/insikter/kundcase/laddar-varlden-enerpoly-ger-kraft-till-den-globala-expansionen,3,0,0
/sv/insikter/podcasts/belt-and-road-initiative--kinas-megaprojekt-som-aven-gynnar-svenska-bolag,3,0,0
/sv/insikter/podcasts/ett-jobb-med-hela-varlden-som-arena,3,0,0
/sv/insikter/rapporter/business-climate-surveys/danmark-business-climate-survey-2025,3,0,0
/sv/insikter/rapporter/business-climate-surveys/irland-business-climate-survey-2024,3,0,0
/sv/insikter/rapporter/business-climate-surveys/italien-business-climate-survey-2025,3,0,0
/sv/insikter/rapporter/business-climate-surveys/kina-business-climate-survey-2024,3,0,0
/sv/insikter/rapporter/executive-global-insights/brics-pa-uppgang,3,0,0
/sv/insikter/rapporter/executive-global-insights/ny-konkurrensvag-i-globala-syd,3,0,0
/sv/insikter/rapporter/whitepapers--guides/kraften-till-afrika,3,0,0
/sv/insikter/video/den-nordiska-batteriboomen,3,0,0
/sv/investera-i-sverige/onlineverktyg,3,0,0
/sv/kontakter/americas/usa/san-francisco,3,0,0
/sv/kontakter/andreas-rentner,3,0,0
/sv/kontakter/elin-hagberg,3,0,0
/sv/kontakter/emma-broms,3,0,0
/sv/kontakter/hans-olof-rauman,3,0,0
/sv/kontakter/linda-laszlo-ek,3,0,0
/sv/kontakter/marcus-kuusinen,3,0,0
/sv/kontakter/rickard-levin,3,0,0
/sv/kontakter/sverige/regionala-kontakter/andreas-bergeli,3,0,0
/sv/om-oss/media/pressbilder,3,0,0
/sv/om-oss/media/pressreleaser/pressreleaser/2022/nu-forstarker-business-sweden-organisationen-med-tva-nya-chefer,3,0,0
/sv/om-oss/media/pressreleaser/pressreleaser/2022/svenska-startups-och-stjarnbolag-deltar-i-africa-innovation-race-sveriges-storsta-tech-inriktade-naringslivsdelegation-till-kapstaden-24-29-april,3,0,0
/sv/om-oss/media/pressreleaser/pressreleaser/2023/business-sweden-inviger-nytt-kontor-i-sydafrika,3,0,0
/sv/om-oss/media/pressreleaser/pressreleaser/2024/business-sweden-vaxlar-upp-i-indien-med-ett-tredje-kontor-och-utser-sofia-hogman-till-ny-handelssekreterare-och-landschef,3,0,0
/sv/om-oss/media/pressreleaser/pressreleaser/2025/business-sweden-valkomnar-ny-agare-av-northvolts-konkursbo,3,0,0
/sv/om-oss/media/pressreleaser/pressreleaser/2025/regeringens-nya-uppdrag-till-business-sweden-med-anledning-av-northvolts-konkurs,3,0,0
/sv/om-oss/media/pressreleaser/pressreleaser/2025/sara-af-ekenstam-ny-cfo-for-business-sweden,3,0,0
/insights/cop/the-climate-matchmaker-for-global-action/cases/energy/ingrid-capacity,3,0,0
/guider/exportguiden/tullar-och-dokument/export-till-lander-utanfor-eu/temporar-export,2,0,0
/umbraco/Surface/Course/ViewCourse,2,0,0
/about-us/media/press-releases/press-releases/2023/business-sweden-appoints-maha-bouzeid-as-new-vice-president-and-head-of-region-sweden--mea,2,0.5,1
/guider/e-handelsguiden/landinformation/island,2,0.5,1
/insights/articles/sustainable-digitalisation,2,0.5,1
/insights/podcasts/a-new-way-of-making-cars---what-does-the-future-look-like,2,0.5,1
/insights/reports/business-climate-surveys/australia-business-climate-survey-2025,2,0.5,1
/insights/reports/business-climate-surveys/italy-business-climate-survey-2025,2,0.5,1
/insights/reports/business-climate-surveys/norway-business-climate-survey-2025,2,0.5,1
/insights/reports/business-climate-surveys/slovakia-business-climate-survey-20252,2,0.5,1
/insights/reports/business-climate-surveys/south-africa-business-climate-survey-20252,2,0.5,1
/sv/insikter/globala-analyser/global-business-climate-survey,2,0.5,1
/sv/insikter/rapporter/business-climate-surveys/Marocko-business-climate-survey-2025,2,0.5,1
/sv/insikter/rapporter/business-climate-surveys/portugal-business-climate-survey-2025,2,0.5,1
/sv/insikter/rapporter/business-climate-surveys/saudiarabien-business-climate-survey-2025,2,0.5,1
/about-us/media/press-releases/press-releases/2024/swedish-consortium-reveals-major-potential-of-global-impact-from-electric-supported-projects,2,0,0
/about-us/media/press-releases/press-releases/2025/business-sweden-welcomes-the-south-by-southwest-festivals-expansion-into-europe,2,0,0
/about-us/media/press-releases/press-releases/2025/more-trade-and-development-business-sweden-opens-new-office-and-leads-business-delegation-to-nigeria,2,0,0
/about-us/media/press-releases/press-releases/2025/swedens-official-non-negotiating-delegation-to-cop30-brings-together-companies-authorities-and-organisations,2,0,0
/brand--design-guidelines/video--motion,2,0,0
/campaigns/join-sweden/advanced-manufacturing,2,0,0
/campaigns/join-sweden/digital-technologies,2,0,0
/campaigns/join-sweden/join-sweden-2025,2,0,0
/campaigns/join-sweden/team-sweden,2,0,0
/campaigns/the-war-in-ukraine/how-big-is-swedens-trade-with-russia,2,0,0
/contacts2/Marcus-kuusinen,2,0,0
/contacts2/alexander-morrone,2,0,0
/contacts2/andreas-rentner,2,0,0
/contacts2/anna-hammarberg,2,0,0
/contacts2/anna-stellinger,2,0,0
/contacts2/asia-pacific/china2/shanghai,2,0,0
/contacts2/carl-johan-hedberg,2,0,0
/contacts2/david-liden,2,0,0
/contacts2/elin-ajax,2,0,0
/contacts2/elisa-alaiso,2,0,0
/contacts2/eric-baffoy,2,0,0
/contacts2/europe/united-kingdom,2,0,0
/contacts2/gustaf-bergstrom,2,0,0
/contacts2/kristian-kassabian,2,0,0
/contacts2/lotta-loosme,2,0,0
/contacts2/luciano-benitez,2,0,0
/contacts2/maha-bouzeid,2,0,0
/contacts2/massoud-biouki,2,0,0
/contacts2/max-schaaf,2,0,0
/contacts2/nathalie-thiel,2,0,0
/contacts2/nicole-skoglund,2,0,0
/contacts2/olov-hemstrom,2,0,0
/contacts2/pawan-tahlani,2,0,0
/contacts2/samira-grylin-allalou,2,0,0
/contacts2/sara-hedin,2,0,0
/contacts2/sweden/hq/ylva-berg,2,0,0
/contacts2/truda-stockenstrom,2,0,0
/events/ac9f6b716d,2,0,0
/events/bcd1c8d724,2,0,0
/events/bf9fe0c3df,2,0,0
/events/ca38c56f57,2,0,0
/events/dbd4c799c1,2,0,0
/events/dcb9539b09,2,0,0
/events/edb91f0882/login,2,0,0
/events/sweden-at-cop29,2,0,0
/expand-globally/eng-trade-facilitation,2,0,0
/expand-globally/markets/asia-pacific_container_eng/hong-kong,2,0,0
/expand-globally/markets/asia-pacific_container_eng/indonesia,2,0,0
/expand-globally/markets/asia-pacific_container_eng/malaysia,2,0,0
/expand-globally/markets/asia-pacific_container_eng/thailand,2,0,0
/expand-globally/markets/asia-pacific_container_eng/the-philippines,2,0,0
/expand-globally/markets/europe_container/germany,2,0,0
/expand-globally/markets/europe_container/italy,2,0,0
/expand-globally/markets/europe_container/ukraine,2,0,0
/expand-globally/markets/mea_container/morocco,2,0,0
/expand-globally/markets/mea_container/united-arab-emirates,2,0,0
/expand-globally/markets/supply-chain-helpdesk,2,0,0
/expand-globally/sales-acceleration,2,0,0
/expand-globally/trade--development/multilateral-procurements,2,0,0
/general-conditions-activities,2,0,0
/guider/exportguiden,2,0,0
/guider/exportguiden/exportofferten-och-affarsjuridik/allmanna-leveransbestammelser,2,0,0
/guider/exportguiden/tradecompliance,2,0,0
/guider/exportguiden/tradecompliance/penningtvatt,2,0,0
/guider/exportguiden/transporter-och-leveransvillkor,2,0,0
/guider/exportguiden/transporter-och-leveransvillkor/forsakring,2,0,0
/guider/exportguiden/transporter-och-leveransvillkor/transportorer,2,0,0
/insights/reports/executive-global-insights/winning-on-the-european-stage,2,1,2
/guider/exportguiden/tullar-och-dokument/utforsel-till-andra-eu-lander,2,0,0
/guider/exportguiden/utlandsbetalningar/risker-och-risktackning,2,0,0
/guider/frihandelsguiden/avtal-per-land/japan,2,0,0
/guider/skeppningshandboken/dokumentkrav/utanfor-eu/ata-carnet,2,0,0
/industries/consumer-goods/scale-us,2,0,0
/industries/energy/invest-in-energy-and-battery,2,0,0
/insights/articles/capturing-the-growth-of-the-taiwanese-gaming-market,2,0,0
/insights/articles/liberia-a-recovering-nation-with-abundant-potential,2,0,0
/insights/articles/nigerias-investment-playbook-for-swedish-companies,2,0,0
/insights/articles/retail-outlook-in-southeast-asia,2,0,0
/insights/articles/scanias-new-foundry-slashes-energy-consumption,2,0,0
/insights/articles/sweden-the-gateway-to-3d-printing-innovation,2,0,0
/insights/articles/swedens-smart-transport-ecosystem,2,0,0
/insights/articles/taiga-motors,2,0,0
/insights/articles/the-china-talent-challenge--how-challenging-is-it-to-attract-talents-to-join-your-company,2,0,0
/insights/blogs/all-blogs/district-heating,2,0,0
/insights/blogs/us-trade-policy-shifts/u.s.-trade-shifts-navigating-trumps-liberation-day-policies,2,0,0
/insights/calendar/2023/india-sweden-innovations-accelerator-2023,2,0,0
/insights/calendar/2025/mwc-mobile-world-congress,2,0,0
/insights/client-cases/all-systems-go-sobi-gets-plug-and-play-support-in-australia,2,0,0
/insights/client-cases/carmentaautomotive-captures-driverless-future-in-europe-and-the-us,2,0,0
/insights/client-cases/dana-accelerates-into-e-mobility-era-with-a-new-facility-in-sweden,2,0,0
/insights/client-cases/eql-pharma,2,0,0
/insights/client-cases/neogap-unlocks-us-opportunities-for-cancer-care-innovation,2,0,0
/insights/client-cases/personalkollen-has-successfully-validated-its-product-with-key-partners,2,0,0
/insights/client-cases/ready-set-print...-gkn-aerospace-bets-big-on-additive-manufacturing-in-sweden,2,0,0
/insights/client-cases/runius-design-scales-growth-in-china,2,0,0
/insights/client-cases/scania-improves-public-transportation-and-sustainable-mobility-in-west-africa,2,0,0
/insights/client-cases/tuning-into-africa-addstep-brings-music-platform-to-nigeria,2,0,0
/insights/client-cases/univrses,2,0,0
/insights/cop/the-climate-matchmaker-for-global-action/cases/enablers/doconomy,2,0,0
/insights/cop/the-climate-matchmaker-for-global-action/cases/transport/team-sweden,2,0,0
/insights/reports/whitepapers--guides/navigating-corruption-in-kenya,2,1,2
/insights/reports/business-climate-surveys/china-business-climate-survey-2024,2,0,0
/insights/reports/business-climate-surveys/colombia-business-climate-survey-2025,2,0,0
/insights/reports/business-climate-surveys/denmark-business-climate-survey-2025,2,0,0
/insights/reports/business-climate-surveys/ireland-business-climate-survey-2024,2,0,0
/insights/reports/business-climate-surveys/kenya-business-climate-survey-2025,2,0,0
/insights/reports/business-climate-surveys/mexico-business-climate-survey-2025,2,0,0
/insights/reports/business-climate-surveys/poland-business-climate-survey-2025,2,0,0
/insights/reports/business-climate-surveys/portugal-business-climate-survey-2025,2,0,0
/insights/reports/business-climate-surveys/turkiye-business-climate-survey-2025,2,0,0
/insights/reports/whitepapers--guides,2,0,0
/insights/reports/whitepapers--guides/seizing-opportunities-in-angola,2,0,0
/insights/reports/whitepapers--guides/the-krona-and-swedish-exports,2,0,0
/insights/reports/whitepapers--guides/the-swedish-life-science-sector-overview,2,0,0
/insights/video/is-the-asia-pacific-your-next-export-destination,2,0,0
/invest-in-sweden/online-tools/international-trade-comparison,2,0,0
/public/events/ba95896e32/pages/ae7d22c354,2,0,0
/public/events/bfb0a93ef3/pages/cb94dd259d,2,0,0
/public/events/eb0eb9588d/pages/dd0736663b,2,0,0
/public/events/sweden-at-cop29/seminars,2,0,0
/public/events/sweden-at-cop30/companies/ca0e9bf5df,2,0,0
/public/events/sweden-at-cop30/seminars,2,0,0
/public/events/sweden-at-cop30/seminars/ab8626c7c8,2,0,0
/public/events/sweden-at-cop30/seminars/cf8c8e7d05,2,0,0
/rules-of-origin-tool,2,0,0
/sv/brand--design-guidelines/typography,2,0,0
/sv/campaigns/bio/etablera-ditt-foretag-i-asien,2,0,0
/sv/campaigns/bio/ta-den-enkla-vagen-till-usa,2,0,0
/sv/expandera-globalt/exportregler/kursbeskrivningar/export-i-praktiken-for-saljare,2,0,0
/sv/expandera-globalt/marknader/asien-och-oceanien/taiwan/konsulara-tjanster-for-svenska-medborgare/pass-och-korkort,2,0,0
/sv/expandera-globalt/marknader/europa,2,0,0
/sv/expandera-globalt/marknader/europa_container/italien,2,0,0
/sv/expandera-globalt/marknader/europa_container/norge,2,0,0
/sv/expandera-globalt/marknader/europa_container/storbritannien,2,0,0
/sv/expandera-globalt/marknader/mellanostern-och--afrika/nigeria,2,0,0
/sv/expandera-globalt/marknader/mellanostern-och--afrika_container/marocko,2,0,0
/sv/expandera-globalt/marknader/mellanostern-och--afrika_container/nigeria,2,0,0
/sv/expandera-globalt/marknader/mellanostern-och--afrika_container/sydafrika,2,0,0
/sv/expandera-globalt/sme/exportprojekt,2,0,0
/sv/industrier/consumer-goods,2,0,0
/sv/industrier/digital-technologies,2,0,0
/sv/industrier/life-science/investera-i-life-science,2,0,0
/sv/industrier/materials,2,0,0
/sv/insikter/artiklar/motstandskraftiga-vastafrika-att-vanda-utmaningar-till-mojligheter,2,0,0
/sv/insikter/artiklar/nigeria-en-hotspot-for-mode,2,0,0
/sv/insikter/artiklar/sverige-behover-utlandska-investeringar-mer-an-nagansin,2,0,0
/sv/insikter/artiklar/sveriges-ekosystem-for-digital-teknik,2,0,0
/sv/insikter/blogs/us-trade-policy-shifts/trade-talks-ramp-up-amid-tariff-pause,2,0,0
/sv/insikter/cop,2,0,0
/sv/insikter/focusasia-2024/100-affarsmojligheter-asien/2024/Healthcare-Development,2,0,0
/sv/insikter/focusasia-2024/100-affarsmojligheter-asien/2024/India-Sweden-Green-Transition-Partnership,2,0,0
/sv/insikter/focusasia-2024/100-affarsmojligheter-asien/2024/bio-korea-in-may-2025,2,0,0
/sv/insikter/focusasia-2024/100-affarsmojligheter-asien/2024/green-port-thailand,2,0,0
/sv/insikter/focusasia-2024/100-affarsmojligheter-asien/2024/growing-healthcare-infrastructure-in-india,2,0,0
/sv/insikter/focusasia-2024/100-affarsmojligheter-asien/2024/opportunities-for-swedish-aviation-innovation-in-upcoming-changi-airport-terminal-5,2,0,0
/sv/insikter/focusasia-2024/100-affarsmojligheter-asien/2024/supporting-singapores-smarter-and-greener-port-ambitions-with-swedish-solutions,2,0,0
/sv/insikter/focusasia-2024/100-affarsmojligheter-asien/2024/thailands-renewable-energy-transition,2,0,0
/sv/insikter/focusasia-2024/100-affarsmojligheter-asien/2024/transforming-rail-infrastructure-in-the-philippines,2,0,0
/sv/insikter/kalendarium/2025/affarsmojligheter-i-asien-falun,2,0,0
/sv/insikter/kalendarium/2025/tif/webinar-pem-konventionen---vad-galler-fran-den-1-januari,2,0,0
/sv/insikter/kundcase/Inpipes-banbrytande-innovation-lanseras-globalt,2,0,0
/sv/insikter/kundcase/klara-fardiga-skriv-ut...-gkn-aerospace-satsar-stort-pa-additiv-tillverkning-i-sverige,2,0,0
/sv/insikter/kundcase/scania-forbattrar-kollektivtrafik-och-hallbar-mobilitet-i-vastafrika,2,0,0
/sv/insikter/podcasts/iran-och-mexiko,2,0,0
/sv/insikter/podcasts/new-trends-in-the-swedish-retail-market,2,0,0
/sv/insikter/rapporter/business-climate-surveys/brasilien-business-climate-survey-2025,2,0,0
/sv/insikter/rapporter/business-climate-surveys/peru-business-climate-survey-2025,2,0,0
/sv/insikter/rapporter/executive-global-insights/att-vinna-offentliga-upphandlingar,2,0,0
/sv/insikter/rapporter/executive-global-insights/karnkraftens-nya-horisont,2,0,0
/sv/insikter/rapporter/whitepapers--guides/i-korselden-mellan-usa-och-kina,2,0,0
/sv/insikter/video/webinar-utmaningar-och-mojligheter-vid-internationell-expansion,2,0,0
/sv/investera-i-sverige/sverige,2,0,0
/sv/kontakter/anders-tofte,2,0,0
/sv/kontakter/andrea-staxberg,2,0,0
/sv/kontakter/anna-hammarberg,2,0,0
/sv/kontakter/anthonia-adenaya-huard,2,0,0
/sv/kontakter/asien-och-oceanien/kina/shanghai,2,0,0
/sv/kontakter/camilla-mellander,2,0,0
/sv/kontakter/carsten-gronblad,2,0,0
/sv/kontakter/christian-weckman,2,0,0
/sv/kontakter/elma-delic,2,0,0
/sv/kontakter/emil-akander,2,0,0
/sv/kontakter/emma-hemmingson,2,0,0
/sv/kontakter/event-kontakter/elina-uebel,2,0,0
/sv/kontakter/event-kontakter/louise-bengtsson,2,0,0
/sv/kontakter/gustaf-sandegren,2,0,0
/sv/kontakter/jenny-kjellberg-invest,2,0,0
/sv/kontakter/joakim-abeleen,2,0,0
/sv/kontakter/klas-arvidsson,2,0,0
/sv/kontakter/magnus-blondell,2,0,0
/sv/kontakter/maja-zoric,2,0,0
/sv/kontakter/martin-jonsson,2,0,0
/sv/kontakter/moa-stahlberg,2,0,0
/sv/kontakter/nebe-almayahi,2,0,0
/sv/kontakter/peter-hjertsson,2,0,0
/sv/kontakter/robin-pettersson,2,0,0
/sv/kontakter/samira-grylin-allalou,2,0,0
/sv/kontakter/sverige/gbd/gabriella-danielsson,2,0,0
/sv/kontakter/sverige/hq/charlotte-rylme,2,0,0
/sv/kontakter/sverige/hq/maria-karnerud,2,0,0
/sv/kontakter/sverige/regionala-kontakter/kristina-kockum,2,0,0
/sv/kontakter/sverige/regionala-kontakter/linus-nissen,2,0,0
/sv/kontakter/sverige/regionala-kontakter/region-vastra-gotaland,2,0,0
/sv/kontakter/sverige/trade-facilitation/carin-skoglar,2,0,0
/sv/kontakter/ulf-rudebark,2,0,0
/sv/kontakter/vlad-mansson,2,0,0
/sv/om-oss/media/pressreleaser/pressreleaser/2023/26-svenska-foretag-ingar-i-business-swedens-naringslivsdelegation-till-estland,2,0,0
/sv/om-oss/media/pressreleaser/pressreleaser/2023/business-sweden-utser-maha-bouzeid-till-ny-regionchef-for-sverige-och-mellanostern--afrika-mea,2,0,0
/sv/om-oss/media/pressreleaser/pressreleaser/2023/hundratals-nya-jobb-till-karlskrona-nar-det-danska-bolaget-nkt-investerar-i-hogspanningsfabrik,2,0,0
/sv/om-oss/media/pressreleaser/pressreleaser/2024/molnleverantoren-coreweave-etablerar-sig-i-sverige,2,0,0
/sv/om-oss/media/pressreleaser/pressreleaser/2024/ny-affarsguide-till-nato-for-nordiska-foretag-sverige-och-finland-ar-nu-pa-insidan,2,0,0
/sv/om-oss/media/pressreleaser/pressreleaser/2025/business-sweden-och-di-gasell-i-fornyat-partnerskap-for-att-lyfta-entreprenorskap-i-sverige,2,0,0
/sv/om-oss/media/pressreleaser/pressreleaser/2025/business-sweden-valkomnar-det-nya-frihandelsavtalet-mellan-eu-och-indonesien,2,0,0
/sv/om-oss/media/pressreleaser/pressreleaser/2025/stort-intresse-for-svensk-gron-teknik-i-washington-dc,2,0,0
/insights/podcasts/how-sweden-is-shaping-the-future-of-mobility,2,0,0
/events/dd24af4890,1,0,0
/try-swedish-2.0/news-and-insights/semla-pastry-filled-with-whipped-cream-and-almond-paste,1,0,0
/insights/reports/executive-global-insights/reinventing-the-future-of-mining,1,1,2
/insights/reports/whitepapers--guides/usa-fda-handbok,1,1,2
/contacts2/europe/france,1,1,1
/events/cbaae588b6,1,1,1
/forms/US-trade-policy-shifts-signup,1,1,1
/forms/contact-form2,1,1,1
/guider/exportguiden/tradecompliance/duedilligence,1,1,1
/guider/frihandelsguiden/avtal-per-land/albanien,1,1,1
/guider/frihandelsguiden/generella-ursprungsregler/sammanlaggningar-av-bearbetningar,1,1,1
/insights/global-analysis/site-selection,1,1,1
/insights/reports/business-climate-surveys/finland-business-climate-survey-2025,1,1,1
/insights/reports/business-climate-surveys/peru-business-climate-survey-2025,1,1,1
/insights/reports/business-climate-surveys/philippines-business-climate-survey-20252,1,1,1
/insights/reports/business-climate-surveys/singapore-business-climate-survey-2025,1,1,1
/insights/reports/whitepapers--guides/sharp-growth-for-the-nordic-data-centre-market,1,1,1
/public/events/db78b65620/pages/da0c6f0914,1,1,1
/public/events/sweden-at-cop30/seminars/schedule,1,1,1
/sv/expandera-globalt/marknader/asien-och-oceanien_container/kina,1,1,1
/sv/insikter/rapporter/business-climate-surveys/business-climate-survey-frankrike-2023,1,1,1
/sv/insikter/rapporter/business-climate-surveys/slovakien-business-climate-survey-20252,1,1,1
/sv/om-oss/media/pressreleaser/pressreleaser/2025/sverige-starkt-inom-tjansteexport-visar-ny-rapport2,1,1,1
"/EPiServer/CMS/Content/insights/calendar/2025/webinar-geopolitiken-som-formar-vara-vardekedjor,,17379_61493",1,0,0
"/EPiServer/CMS/Content/invest-in-sweden/transportation-guide-2025,,18850_63143",1,0,0
"/EPiServer/CMS/Content/sv/expandera-globalt/sme/tif-kampanjsida-2026,,17376_61449",1,0,0
"/EPiServer/CMS/Content/sv/om-oss/media/pressbilder/ovriga-talespersoner,,17263_61270",1,0,0
/about-us/careers/job-vacancies,1,0,0
/about-us/media/press-images,1,0,0
/about-us/media/press-releases/press-releases/2023/business-sweden-establish-office-in-ukraine,1,0,0
/about-us/media/press-releases/press-releases/2023/business-sweden-is-leading-this-years-business-delegation-to-cop28,1,0,0
/about-us/media/press-releases/press-releases/2023/new-green-industrial-establishment-in-sundsvall-puts-sweden-on-the-map,1,0,0
/about-us/media/press-releases/press-releases/2024/large-business-delegation-to-singapore-for-the-first-swedish-state-visit,1,0,0
/about-us/media/press-releases/press-releases/2025/green-transition-initiative-secures-two-year-extension-to-accelerate-swedish-green-technology-in-the-us,1,0,0
/about-us/media/press-releases/press-releases/2025/svenska-bolag-siktar-pa-sydostasien,1,0,0
/about-us/media/press-releases/press-releases/2025/swedish-high-level-presence-at-the-un-ocean-conference-in-nice-913-june-to-accelerate-the-green-transition,1,0,0
/about-us/media/press-releases/press-releases/2026/try-swedish-showcases-swedish-food-innovations-at-gulfood-2026-in-dubai,1,0,0
/about-us/media/social-media,1,0,0
/brand--design-guidelines/photography,1,0,0
/brand--design-guidelines/purpose-and-brand-promise,1,0,0
/campaign/business-talks-europe---statkraft2,1,0,0
/campaigns/join-sweden/life-science,1,0,0
/campaigns/join-sweden/partners,1,0,0
/campaigns/the-war-in-ukraine,1,0,0
/code-of-conduct/chapter/1.1,1,0,0
/code-of-conduct/chapter/2.4,1,0,0
/code-of-conduct/chapter/3.2,1,0,0
/code-of-conduct/chapter/3.3,1,0,0
/code-of-conduct/contact,1,0,0
/contact/techarenan-contact,1,0,0
/contacts2/americas/canada,1,0,0
/contacts2/amrit-hinduja,1,0,0
/contacts2/andrea-staxberg,1,0,0
/contacts2/ankit-tiwari2,1,0,0
/contacts2/annika-kranefeld,1,0,0
/contacts2/annika-stal,1,0,0
/contacts2/asia-pacific/china2/shenzhen,1,0,0
/contacts2/asia-pacific/india/mumbai,1,0,0
/contacts2/asia-pacific/malaysia,1,0,0
/contacts2/asia-pacific/the-philippines,1,0,0
/contacts2/bashar-mustafa,1,0,0
/contacts2/batuhan-kutlu,1,0,0
/contacts2/bengt-carlsson,1,0,0
/contacts2/carl-lindwall,1,0,0
/contacts2/cecilia-johansson,1,0,0
/contacts2/christian-weckman,1,0,0
/contacts2/edin-erkocevic,1,0,0
/contacts2/elin-hagberg,1,0,0
/contacts2/emil-akander,1,0,0
/contacts2/europe/the-czech-republic,1,0,0
/contacts2/event-contacts/alejandra-gonzalez,1,0,0
/contacts2/event-contacts/amanda-alkemark,1,0,0
/contacts2/event-contacts/caleb-chapman,1,0,0
/contacts2/event-contacts/eric-blomquist,1,0,0
/contacts2/event-contacts/jessica-ferklass,1,0,0
/contacts2/event-contacts/marcus-persson,1,0,0
/contacts2/event-contacts/max-sund,1,0,0
/contacts2/event-contacts/rupa-thakrar-bagoon,1,0,0
/contacts2/firman-ardiansyah,1,0,0
/contacts2/frederic-foerster,1,0,0
/contacts2/frida-wengelin,1,0,0
/contacts2/jenny-kjellberg,1,0,0
/contacts2/jessica-connelly,1,0,0
/contacts2/jessica-olsson,1,0,0
/contacts2/jonas-thulin,1,0,0
/contacts2/judy-zhao,1,0,0
/contacts2/kudakwashe-koke,1,0,0
/contacts2/madeleine-fries-martinelle,1,0,0
/contacts2/maja-zoric,1,0,0
/contacts2/marcus-petersson,1,0,0
/contacts2/martin-ekberg,1,0,0
/contacts2/massoud-biouki-trade-commissioner-dubai,1,0,0
/contacts2/mattias-dec,1,0,0
/contacts2/mattias-lindgren,1,0,0
/contacts2/mea/morocco,1,0,0
/contacts2/mea/saudi-arabia,1,0,0
/contacts2/mea/south-africa,1,0,0
/contacts2/nicholas-song,1,0,0
/contacts2/nikki-brandt,1,0,0
/contacts2/per-jansson,1,0,0
/contacts2/pezhman-fivrin,1,0,0
/contacts2/robin-bangs,1,0,0
/contacts2/robin-pettersson,1,0,0
/contacts2/sophia-chang,1,0,0
/contacts2/sophia-lundberg,1,0,0
/contacts2/stacey-sit,1,0,0
/contacts2/susanne-van-rossem,1,0,0
/contacts2/sweden/hq/lena-sellgren,1,0,0
/contacts2/sweden/hq/maria-karnerud,1,0,0
/contacts2/sweden/hq/olof-hallerman,1,0,0
/contacts2/sweden/hq/sustainability,1,0,0
/contacts2/sweden/invest/cecilia-leiram,1,0,0
/contacts2/sweden/regionala-kontakter/andreas-bergeli,1,0,0
/contacts2/sweden/regionala-kontakter/sme,1,0,0
/contacts2/vlad-mansson,1,0,0
/digital-catalouge,1,0,0
/email_invites/a47014156e6ae33379e9ec93eb26f3ed/answer/no,1,0,0
/en/try-swedish-2.0,1,0,0
/events/ad0d8e970b,1,0,0
/events/ae13d102e7/orders/4409164,1,0,0
/events/ae13d102e7/orders/4409408/edit,1,0,0
/events/afc0aa80f3/companies/74874,1,0,0
/events/afc0aa80f3/seminars/95220,1,0,0
/events/ba5bb7bdea,1,0,0
/events/bb7ac2f2e7,1,0,0
/events/bd991d147a/pages/232649,1,0,0
/events/ca899c995f,1,0,0
/events/ceb70a297e,1,0,0
/events/ceee18c148,1,0,0
/events/dac2934b48,1,0,0
/events/dac2934b48/login,1,0,0
/events/dc6756430b/overview,1,0,0
/events/dcb9539b09/orders/4429454/edit,1,0,0
/events/dcf8ecdc26/orders/4406023,1,0,0
/insights/reports/business-climate-surveys/germany-business-climate-survey-2024,1,1,3
/events/ebda2fca22/orders/4423975,1,0,0
/events/ebda2fca22/orders/4432617,1,0,0
/events/fbea594436,1,0,0
/events/fcee27bc89,1,0,0
/events/sweden-at-cop30/overview,1,0,0
/events/sweden-at-cop30/seminars,1,0,0
/expand-globally/business-support-services/central-and-flexible-workspaces-worldwide,1,0,0
/expand-globally/business-support-services/central-and-flexible-workspaces-worldwide/Contact-us,1,0,0
/expand-globally/markets/asia-pacific_container_eng/australia,1,0,0
/expand-globally/markets/asia-pacific_container_eng/japan,1,0,0
/expand-globally/markets/asia-pacific_container_eng/taiwan,1,0,0
/expand-globally/markets/europe/turkiye,1,0,0
/expand-globally/markets/mea_container/saudi-arabia,1,0,0
/expand-globally/markets/mea_container/south-africa,1,0,0
/expand-globally/sme/export-advisory,1,0,0
/expand-globally/trade--development/helpdesk-for-responsible-business-conduct/consultant-assignment--responsible-business-esg-risk-tool-3-month-contract,1,0,0
/forms/contact-form-sme,1,0,0
/forms/global-analysis-reports-signup,1,0,0
/forms/press-release-signup,1,0,0
/geo-panel,1,0,0
/goglobal,1,0,0
/goglobal/exportteknik,1,0,0
/guider/e-handelsguiden/landinformation/australien/tull--och-momsregler,1,0,0
/guider/e-handelsguiden/landinformation/danmark,1,0,0
/guider/e-handelsguiden/landinformation/finland,1,0,0
/guider/e-handelsguiden/landinformation/frankrike/digitala-kanaler-och-nyckelaktorer,1,0,0
/guider/e-handelsguiden/landinformation/kina,1,0,0
/guider/e-handelsguiden/landinformation/norge,1,0,0
/guider/exportguiden/exportofferten-och-affarsjuridik/Nagra-centrala-juridiska-fragor-vid-internationella-affarer,1,0,0
/guider/exportguiden/finansiering-av-internationella-affarer,1,0,0
/guider/exportguiden/finansiering-av-internationella-affarer/leverans--och-kreditstadiet,1,0,0
/guider/exportguiden/produktanpassningar,1,0,0
/guider/exportguiden/produktanpassningar/produktkrav-inom-eu,1,0,0
/guider/exportguiden/tullar-och-dokument,1,0,0
/guider/exportguiden/tullar-och-dokument/export-till-lander-utanfor-eu,1,0,0
/guider/exportguiden/utlandsbetalningar/val-av-betalningsform,1,0,0
/guider/frihandelsguiden/avtal-per-land/Vietnam,1,0,0
/guider/frihandelsguiden/avtal-per-land/bosnien-hercegovina,1,0,0
/guider/frihandelsguiden/avtal-per-land/colombia,1,0,0
/guider/frihandelsguiden/avtal-per-land/singapore,1,0,0
/guider/frihandelsguiden/avtal-per-land/storbritannien,1,0,0
/guider/livsmedelsguiden,1,0,0
/guider/skeppningshandboken/exportrestriktioner/utanfor-eu,1,0,0
/guider/skeppningshandboken/landinformation/afrika/sydafrika,1,0,0
/guider/skeppningshandboken/landinformation/europa,1,0,0
/guider/skeppningshandboken/landinformation/europa/turkiet,1,0,0
/guider/skeppningshandboken/landinformation/mellanostern/israel,1,0,0
/insights/articles/APAC-healthcare-sector-opportunities,1,0,0
/insights/articles/africa-on-track-to-leap-into-global-green-hydrogen-landscape,1,0,0
/insights/articles/building-resilience-in-west-africa,1,0,0
/insights/articles/chinas-private-sector-engine-of-economic-growth-and-global-partnership-opportunities,1,0,0
/insights/articles/coastal-western-africa-turning-challenges-to-opportunities,1,0,0
/insights/articles/hit-the-spot-with-beauty-and-personal-care-products-in-india,1,0,0
/insights/articles/how-to-achieve-international-e-commerce-success,1,0,0
/insights/articles/keeping-cool-electrolux-spin-out-prodma-steps-up-agile-manufacturing-in-mariestad,1,0,0
/insights/articles/navigating-healthcare-and-life-sciences-under-the-trump-administration-considerations-for-swedish-companies,1,0,0
/insights/articles/nigerias-investment-playbook-for-swedish-companies2,1,0,0
/insights/articles/state-of-electrification-report-unveils-latest-insights-on-the-battery-and-electrification-value-chain,1,0,0
/insights/articles/swedish-beauty-meets-canadas-boom,1,0,0
/insights/articles/the-apac-digital-imperative-a-wave-of-growth-companies,1,0,0
/insights/articles/unboxing-double-11-chinas-vibrant-e-commerce-ecosystem,1,0,0
/insights/articles/understanding-the-business-climate-in-nigeria,1,0,0
/insights/articles/world-leading-hydrogen-solutions-accelerate-green-transition,1,0,0
/insights/blogs,1,0,0
/insights/blogs/us-trade-policy-shifts/navigating-uncertainty-how-to-spot-and-seize-business-opportunities,1,0,0
/insights/blogs/us-trade-policy-shifts/tariff-deadline-nears-canada-reverses-tax-big-beautiful-bill-advances,1,0,0
/insights/blogs/us-trade-policy-shifts/tariff-pause-new-deals-fresh-risks,1,0,0
/insights/blogs/us-trade-policy-shifts/trade-negotiations-and-impacts-on-swedish-e-commerce,1,0,0
/insights/blogs/us-trade-policy-shifts/trade-talks-ramp-up-amid-tariff-pause,1,0,0
/insights/blogs/us-trade-policy-shifts/us-court-tests-limits-on-tariff-powers,1,0,0
/insights/blogs/us-trade-policy-shifts/us-tariffs-rise-legal-risks-mount,1,0,0
/insights/calendar/2025/sweden-indonesia-sustainability-partnership-week2,1,0,0
/insights/calendar/2025/swedish-polish-business-summit-2025,1,0,0
/insights/calendar/2025/tif/us-tariffs,1,0,0
/insights/calendar/2025/webinar-apac-semiconductor-market-trends-2026,1,0,0
/insights/client-cases/aqua-robur,1,0,0
/insights/client-cases/bugging-to-learn-how-a-swedish-startup-has-expanded-in-asia-look-to-global-bugs,1,0,0
/insights/client-cases/cellink-goes-global-with-game-changing-biotech-technology,1,0,0
/insights/client-cases/clearing-the-path-klimators-strategic-us-entry-with-business-swedens-support,1,0,0
/insights/client-cases/elektas-south-american-reach-and-impact-fast-tracked,1,0,0
/insights/client-cases/how-cue-dee-excels-in-complex-export-markets,1,0,0
/insights/client-cases/lumeotech-leap-into-german-attachment-tech-market,1,0,0
/insights/client-cases/navigating-opportunities-in-asia-for-a-swedish-health-and-nutrition-brand,1,0,0
/insights/client-cases/nordomatic-take-smart-building-to-new-heights-in-the-us,1,0,0
/insights/client-cases/organowood-conquers-the-world-with-environmentally-friendly-wood-products,1,0,0
/insights/client-cases/seniors-cutting-edge-materials-perfect-fit-for-nordic-battery-cluster,1,0,0
/insights/client-cases/shift4good-invests-in-sweden-to-drive-green-transport-innovation,1,0,0
/insights/client-cases/smart-eye-trucks-ahead-with-driver-monitoring-systems-in-the-us,1,0,0
/insights/client-cases/sweden-connects-with-philippine-tourism-leaders,1,0,0
/insights/client-cases/volvo-ce-strengthens-presence-in-thailand,1,0,0
/insights/cop/the-climate-matchmaker-for-global-action/cases,1,0,0
/insights/cop/the-climate-matchmaker-for-global-action/cases/agriculture/bcc,1,0,0
/insights/cop/the-climate-matchmaker-for-global-action/cases/agriculture/tetra-pak,1,0,0
/insights/cop/the-climate-matchmaker-for-global-action/cases/enablers/sida,1,0,0
/insights/cop/the-climate-matchmaker-for-global-action/cases/energy/e.on,1,0,0
/insights/cop/the-climate-matchmaker-for-global-action/cases/transport/scania,1,0,0
/insights/cop/the-climate-matchmaker-for-global-action/cases/waste,1,0,0
/insights/focusasia-2024/100-business-opportunities-in-asia/2024/liquefied-natural-gas-lng-market-opportunities,1,0,0
/insights/focusasia-2024/100-business-opportunities-in-asia/all/all/all/India/all,1,0,0
/insights/focusasia-2024/100-business-opportunities-in-asia/all/all/all/all/Consumer goods,1,0,0
/insights/global-analysis/Supplier-networks,1,0,0
/insights/global-analysis/export-of-services,1,0,0
/insights/podcasts/the-new-era-in-china,1,0,0
/insights/podcasts/unleashing-the-potential-ai-with-innovative-data-use-collaboration-and-bold-thinking,1,0,0
/insights/reports/business-climate-surveys/indonesia-business-climate-survey2,1,0,0
/insights/reports/business-climate-surveys/saudi-arabia-business-climate-survey-2025,1,0,0
/insights/reports/business-climate-surveys/singapore-business-climate-survey-2024,1,0,0
/insights/reports/business-climate-surveys/the-netherlands-business-climate-survey-2022,1,0,0
/insights/reports/business-climate-surveys/uae-business-climate-survey-2025,1,0,0
/insights/reports/business-climate-surveys/vietnam-business-climate-survey,1,0,0
/insights/reports/executive-global-insights/Inside-the-green-policy-landscape,1,0,0
/insights/reports/executive-global-insights/rewiring-global-supply-chains,1,0,0
/insights/reports/executive-global-insights/uncovering-mining-titans,1,0,0
/insights/reports/life-science-overview,1,0,0
/about-us/sustainability,1,1,2
/insights/reports/whitepapers--guides/a-transforming-european-hvac-industry,1,0,0
/insights/reports/whitepapers--guides/chinas-new-consumers,1,0,0
/insights/reports/whitepapers--guides/driving-the-future-of-industry-in-singapore,1,0,0
/insights/reports/whitepapers--guides/healthcare-insights-morocco-and-cote-divoire,1,0,0
/insights/reports/whitepapers--guides/malaysias-semiconductor-momentum2,1,0,0
/insights/reports/whitepapers--guides/paving-the-way-for-sustainable-business,1,0,0
/insights/reports/whitepapers--guides/pioneering-green-transition-in-turkiye,1,0,0
/insights/reports/whitepapers--guides/seasons-of-change-the-future-of-ai-in-sweden,1,0,0
/insights/reports/whitepapers--guides/spains-energy-and-green-transition,1,0,0
/insights/reports/whitepapers--guides/sustainable-transportation-in-cote-divoire,1,0,0
/insights/reports/whitepapers--guides/the-swedish-battery-industry-overview,1,0,0
/insights/reports/whitepapers--guides/understanding-post-pandemic-consumers-in-china,1,0,0
/insights/reports/whitepapers--guides/unlocking-ai-opportunities-in-singapore,1,0,0
/insights/reports/whitepapers--guides/unprecedented-power-shift-in-global-supply-chain,1,0,0
/insights/un-procurement,1,0,0
/insights/video/webinar-the-new-complex-and-uncertain-u.s.-trade-landscape,1,0,0
/invest-in-sweden/online-tools,1,0,0
/invest-in-sweden/start-a-company-in-sweden/faq,1,0,0
/invest-in-sweden/transportation-guide-2025,1,0,0
/news,1,0,0
/public/events/cb13e31285/companies/fea8c5f232,1,0,0
/public/events/dd8aee24ac/pages/dd03790bc0,1,0,0
/public/events/dd8aee24ac/seminars,1,0,0
/public/events/de177c2b7b/pages/dc9c21e485,1,0,0
/public/events/ea881805f1/seminars,1,0,0
/public/events/eb0eb9588d/pages/da9dba83ca,1,0,0
/public/events/eb0eb9588d/pages/ff8da42b6f,1,0,0
/public/events/ed90466a40/pages/bc6c43d388,1,0,0
/public/events/sweden-at-cop29/companies/ad36bd108b,1,0,0
/public/events/sweden-at-cop29/companies/fb5c054704,1,0,0
/public/events/sweden-at-cop29/companies/fbb812c7da,1,0,0
/public/events/sweden-at-cop29/companies/fc2617bc62,1,0,0
/public/events/sweden-at-cop29/companies/fc59b5d882,1,0,0
/public/events/sweden-at-cop29/pages/ffdd5c8b18,1,0,0
/public/events/sweden-at-cop29/seminars/bcac6c70ab,1,0,0
/public/events/sweden-at-cop29/seminars/ec53a1f61a,1,0,0
/public/events/sweden-at-cop30/companies/be404ae11e,1,0,0
/public/events/sweden-at-cop30/companies/bf64023180,1,0,0
/public/events/sweden-at-cop30/companies/cc525494c1,1,0,0
/public/events/sweden-at-cop30/companies/dbf1c020e2,1,0,0
/public/events/sweden-at-cop30/seminars/ce48fec99d,1,0,0
/public/events/sweden-at-cop30/seminars/fa544b6d29,1,0,0
/public/events/trilateral-innovation-platform/pages/ae15fa1ff3,1,0,0
/sv/ logo,1,0,0
/sv/campaign/oppna-dorren-till-nya-marknader,1,0,0
/sv/campaigns/regional-industry-pages/Exportera-Life-Science-och-lakemedel-till-Europa-Asien-och-Mellanostern-och-Afrika,1,0,0
/sv/campaigns/regional-industry-pages/expandera-till-sydoastasien-eller-Indien,1,0,0
/sv/expandera-globalt/business-support-services,1,0,0
/sv/expandera-globalt/delegationerochmassor/stark-din-internationella-positionering,1,0,0
/sv/expandera-globalt/exportregler/kursbeskrivningar/exportdokument---effektiv-och-korrekt-hantering,1,0,0
/sv/expandera-globalt/exportregler/kursbeskrivningar/leveransvillkor-och-utlandsbetalningar,1,0,0
/sv/expandera-globalt/handel-och-utveckling,1,0,0
/sv/expandera-globalt/learning-center,1,0,0
/sv/expandera-globalt/market-expansion,1,0,0
/sv/expandera-globalt/marknader/asien-och-oceanien,1,0,0
/sv/expandera-globalt/marknader/asien-och-oceanien/taiwan/konsulara-tjanster-for-svenska-medborgare/tyfoner-och-jordbavningar,1,0,0
/sv/expandera-globalt/marknader/europa_container/benelux,1,0,0
/sv/insikter/artiklar/arets-exportsucce-finalisterna-2022,1,0,0
/sv/insikter/artiklar/batteritillverkning-rycker-framat,1,0,0
/sv/insikter/artiklar/di-varlden,1,0,0
/sv/insikter/artiklar/ett-nytt-kapitel-for-elfenbenskusten-svensk-allians-accelererar-vastafrikas-storsta-projekt-for-rent-vatten,1,0,0
/sv/insikter/artiklar/leap-forbereder-vinnande-foretag-for-hallbar-expansion,1,0,0
/sv/insikter/artiklar/och-arets-exportsucce-ar/vinnaren-av-arets-exportsucce-2022-priset-smaller-hogt-i-vara-kundkontakter,1,0,0
/sv/insikter/artiklar/sa-landade-bosals-200-miljoners-investering-i-nykoping,1,0,0
/sv/insikter/artiklar/samarbete-inom-solenergi-framjar-mexikos-hallbarhetsutveckling,1,0,0
/sv/insikter/artiklar/svensk-expertis-inom-fiberoptik,1,0,0
/sv/insikter/artiklar/sveriges-smarta-energi-ekosystem,1,0,0
/sv/insikter/artiklar/the-china-talent-challenge--sa-lockar-du-talanger-till-ditt-foretag,1,0,0
/sv/insikter/artiklar/usas-grona-agenda-skapar-en-potentiell-boom-for-svenska-energilosningar,1,0,0
/sv/insikter/artiklar/varfor-us-entity-list-ar-en-dold-risk-for-exportorer-till-kina,1,0,0
/sv/insikter/blogs/all-blogs/swedish-oems-and-the-challenge-to-grow-aftermarket-sales,1,0,0
/sv/insikter/blogs/us-trade-policy-shifts,1,0,0
/sv/insikter/fn-upphandling,1,0,0
/sv/insikter/focusasia-2024/100-affarsmojligheter-asien,1,0,0
/sv/insikter/focusasia-2024/100-affarsmojligheter-asien/2024/Hainan-Provinces-2024,1,0,0
/sv/insikter/focusasia-2024/100-affarsmojligheter-asien/2024/IKN,1,0,0
/sv/insikter/focusasia-2024/100-affarsmojligheter-asien/2024/Indonesia-Nusantara,1,0,0
/sv/insikter/focusasia-2024/100-affarsmojligheter-asien/2024/Sustainability-and-sustainable-products,1,0,0
/sv/insikter/focusasia-2024/100-affarsmojligheter-asien/2024/action-plan-for-high-quality-development-of-low-altitude-economy-in-suzhou,1,0,0
/sv/insikter/focusasia-2024/100-affarsmojligheter-asien/2024/bangkoks-ambition-plan-to-build-smart-district2,1,0,0
/sv/insikter/focusasia-2024/100-affarsmojligheter-asien/2024/emerging-indian-semiconductor-manufacturing-landscape,1,0,0
/sv/insikter/focusasia-2024/100-affarsmojligheter-asien/2024/energy-korea,1,0,0
/sv/insikter/focusasia-2024/100-affarsmojligheter-asien/2024/green-technology-mining,1,0,0
/sv/insikter/focusasia-2024/100-affarsmojligheter-asien/2024/north-south-high-speed-railway,1,0,0
/sv/insikter/focusasia-2024/100-affarsmojligheter-asien/2024/opportunities-ai-korea,1,0,0
/sv/insikter/focusasia-2024/100-affarsmojligheter-asien/2024/opportunities-from-the-digital-transition-of-the-vietnamese-healthcare-system22,1,0,0
/sv/insikter/focusasia-2024/100-affarsmojligheter-asien/2024/semiconductor-korea,1,0,0
/sv/insikter/focusasia-2024/100-affarsmojligheter-asien/2024/sweden-singapore-collaboration-in-health-innovation,1,0,0
/sv/insikter/focusasia-2024/100-affarsmojligheter-asien/2024/taiwan-chip-based-industrial-innovation-program,1,0,0
/sv/insikter/focusasia-2024/100-affarsmojligheter-asien/2024/transportation-manila,1,0,0
/sv/insikter/focusasia-2024/100-affarsmojligheter-asien/2024/try-swedish,1,0,0
/sv/insikter/focusasia-2024/100-affarsmojligheter-asien/2024/upgrading-22-airports,1,0,0
/sv/insikter/globala-analyser/tjansteexport,1,0,0
/sv/insikter/kalendarium/2024/export-i-praktiken-for-saljare,1,0,0
/sv/insikter/kalendarium/2024/exportdokument---effektiv-och-korrekt-hantering---maj-2024,1,0,0
/sv/insikter/kalendarium/2024/internationell-handel-och-logistik---ett-strategiskt-angreppssatt,1,0,0
/sv/insikter/kalendarium/2025/affarsmojligheter-i-asien--jonkoping,1,0,0
/sv/insikter/kalendarium/2025/internationell-e-handel---onlinekurs-ledd-av-vara-experter,1,0,0
/sv/insikter/kalendarium/2025/tif/internationell-e-handel2,1,0,0
/sv/insikter/kalendarium/2025/tif/leverantorsdeklaration-3-december-2025,1,0,0
/sv/insikter/kalendarium/alla/alla/alla/alla/Industrials,1,0,0
/sv/insikter/kalendarium/alla/alla/alla/alla/alla,1,0,0
/sv/insikter/kalendarium/sv/alla/alla/Europa/alla,1,0,0
/sv/insikter/kundcase/electrolux-vaxlar-upp-ambitionerna-i-mellanostern-och-afrika-med--foretagstjanster-och-hr-stod,1,0,0
/sv/insikter/kundcase/hemocues-lokala-insatser-framjar-global-halsa,1,0,0
/sv/insikter/kundcase/nira-dynamics-tar-fordonssakerhet-till-nya-marknader,1,0,0
/sv/insikter/kundcase/nyfiken-pa-att-lara-dig-hur-en-svensk-startup-har-expenderat-i-asien-titta-pa-global-bugs,1,0,0
/sv/insikter/kundcase/pricer-inleder-en-ny-era-i-apac-med-snabb-expansion,1,0,0
/sv/insikter/kundcase/skane-care-i-hjartat-av-saudiarabiens-ambitiosa-transformation-av-halso--och-sjukvarden,1,0,0
/sv/insikter/kundcase/snabbspar-for-att-bygga-narvaro-i-asien-for-svenskt-skonhetsvarumarke,1,0,0
/sv/insikter/kundcase/telenor-connexion-okar-tillvaxten-med-flexibla-arbetsgivarstjanster,1,0,0
/sv/insikter/podcasts/5-myter-om-svensk-tillverkningsindustri,1,0,0
/sv/insikter/podcasts/att-frigora-potentialen-i-ai-genom-innovativ-anvandning-av-data-samarbete-och-djarvt-tankande,1,0,0
/sv/insikter/podcasts/fullt-fokus-pa-usa-varldens-storsta-konsumentmarknad,1,0,0
/sv/insikter/podcasts/hur-paverkas-handeln-med-iran-efter-att-usa-lamnat-karnenergiavtalet,1,0,0
/sv/insikter/podcasts/maja-zoric-om-att-bedriva-handel-med-ett-ben-i-vast-och-ett-i-ost,1,0,0
/sv/insikter/podcasts/smart-industri-en-ny-paradgren-for-sverige,1,0,0
/sv/insikter/podcasts/tobias-glitterstam-om-betydelsen-av-att-finnas-pa-den-kinesiska-marknaden,1,0,0
/sv/insikter/podcasts/vagen-till-globala-affarer-for-sma-och-medelstora-bolag,1,0,0
/sv/insikter/rapporter/business-climate-surveys/chile-business-climate-survey-2025,1,0,0
/sv/insikter/rapporter/business-climate-surveys/forenade-arabemiraten-business-climate-survey-2023,1,0,0
/sv/insikter/rapporter/business-climate-surveys/indonesia-business-climate-survey,1,0,0
/sv/insikter/rapporter/business-climate-surveys/indonesia-business-climate-survey-2025,1,0,0
/sv/insikter/rapporter/business-climate-surveys/japan-business-climate-survey-2025,1,0,0
/sv/insikter/rapporter/business-climate-surveys/mexico-business-climate-survey-2021,1,0,0
/sv/insikter/rapporter/business-climate-surveys/singapore-business-climate-survey-2025,1,0,0
/sv/insikter/rapporter/business-climate-surveys/spanien-2021-business-climate-survey,1,0,0
/sv/insikter/rapporter/business-climate-surveys/storbritannien-business-climate-survey-2025,1,0,0
/sv/insikter/rapporter/business-climate-surveys/sydafrika-business-climate-survey-2021,1,0,0
/sv/insikter/rapporter/business-climate-surveys/turkiet-business-climate-survey-2024,1,0,0
/sv/insikter/rapporter/executive-global-insights,1,0,0
/sv/insikter/rapporter/executive-global-insights/mangfald-bortom-granser,1,0,0
/sv/insikter/rapporter/executive-global-insights/vagen-framat-for-europas-elektrifiering,1,0,0
/sv/insikter/rapporter/executive-global-insights/vagen-till-personaliserad-medicin,1,0,0
/sv/insikter/rapporter/whitepapers--guides/europas-hvac-industri-i-omvandling,1,0,0
/sv/insikter/rapporter/whitepapers--guides/hallbara-transporter-i-elfenbenskusten,1,0,0
/sv/insikter/rapporter/whitepapers--guides/handel-med-storbritannien-efter-brexit,1,0,0
/sv/insikter/rapporter/whitepapers--guides/kronan-och-svenska-exporten,1,0,0
/sv/insikter/rapporter/whitepapers--guides/sa-banar-vi-vag-for-hallbara-affarer,1,0,0
/sv/insikter/rapporter/whitepapers--guides/sa-rustar-du-for-kinas-nya-era,1,0,0
/sv/insikter/rapporter/whitepapers--guides/usa-trender-pa-den-amerikanska-godis-och-snacksmarknaden,1,0,0
/sv/insikter/video,1,0,0
/sv/insikter/video/avsnitt-1-usas-grona-agenda-mojliggor-tillvaxt-for-svenska-losningar,1,0,0
/sv/insikter/video/webinar-det-nya-komplexa-och-osakra-amerikanska-handelslandskapet,1,0,0
/sv/kontakter/Eric-Forsberg,1,0,0
/sv/kontakter/abigail-richardson,1,0,0
/sv/kontakter/alexej-cederholm,1,0,0
/sv/kontakter/alexis-vinette,1,0,0
/sv/kontakter/americas/usa/chicago,1,0,0
/sv/kontakter/andre-hedberg,1,0,0
/sv/kontakter/andrea-staxberg-BIO,1,0,0
/sv/kontakter/andreas-giallorakis,1,0,0
/sv/kontakter/angelica---ingerdal,1,0,0
/sv/kontakter/anna-liberg,1,0,0
/sv/kontakter/arijana-duvnjak,1,0,0
/sv/kontakter/battery-page---gustaf-sandegren,1,0,0
/sv/kontakter/britta-stenson,1,0,0
/sv/kontakter/carl-lindwall,1,0,0
/sv/kontakter/cecilia-oskarsson,1,0,0
/sv/kontakter/christina-keighren,1,0,0
/sv/kontakter/elena-koshcheeva,1,0,0
/sv/kontakter/elin-forsberg,1,0,0
/sv/kontakter/erik-friberg,1,0,0
/sv/kontakter/europa/frankrike,1,0,0
/sv/kontakter/europa/spanien,1,0,0
/sv/kontakter/event-kontakter/carl-norsten,1,0,0
/sv/kontakter/event-kontakter/eliza-petrova,1,0,0
/sv/kontakter/event-kontakter/johan-thuree,1,0,0
/sv/kontakter/event-kontakter/mona-hedenskog,1,0,0
/sv/kontakter/event-kontakter/oleg-zastenker,1,0,0
/sv/kontakter/event-kontakter/rupa-thakrar-bagoon,1,0,0
/sv/kontakter/event-kontakter/vitaliy-tsvyntarnyy,1,0,0
/sv/kontakter/franca-lippitz,1,0,0
/sv/kontakter/frederic-foerster,1,0,0
/sv/kontakter/hampus-nilzen,1,0,0
/sv/kontakter/hanna-brasar,1,0,0
/sv/kontakter/johan-chun,1,0,0
/sv/kontakter/johan-holmlund,1,0,0
/sv/kontakter/johan-karlberg,1,0,0
/sv/kontakter/jonas-batelson,1,0,0
/sv/kontakter/jonas-thulin,1,0,0
/sv/kontakter/kacper-pierzynowski,1,0,0
/sv/kontakter/linda-bradley,1,0,0
/sv/kontakter/marcus-petersson,1,0,0
/sv/kontakter/maria-dahlberg,1,0,0
/sv/kontakter/martin-vercouter,1,0,0
/sv/kontakter/massoud-biouki,1,0,0
/sv/kontakter/massoud-biouki-trade-commissioner-dubai,1,0,0
/sv/kontakter/mea/forenade-arabemiraten,1,0,0
/sv/kontakter/michail-pagounis,1,0,0
/sv/kontakter/mikael-johansson,1,0,0
/sv/kontakter/niclas-carlsson,1,0,0
/sv/kontakter/olov-hemstrom,1,0,0
/sv/kontakter/pelle-jacobson,1,0,0
/sv/kontakter/robin-agne,1,0,0
/sv/kontakter/robin-kokkonen,1,0,0
/sv/kontakter/sara-radu,1,0,0
/sv/kontakter/sophia-lundberg,1,0,0
/sv/kontakter/sverige/gbd/anders-bohman,1,0,0
/sv/kontakter/sverige/gbd/erik-gropgard,1,0,0
/sv/kontakter/sverige/gbd/helen-ronnholm,1,0,0
/sv/kontakter/sverige/gbd/kaveh-farebrant,1,0,0
/sv/kontakter/sverige/gbd/petter-sund,1,0,0
/sv/kontakter/sverige/hq/cherif-sayed,1,0,0
/sv/kontakter/sverige/hq/emma-modeer-wiking,1,0,0
/sv/kontakter/sverige/hq/hr,1,0,0
/sv/kontakter/sverige/hq/olov-hemstrom,1,0,0
/sv/kontakter/sverige/hq/oscar-carlsson,1,0,0
/sv/kontakter/sverige/hq/ylva-berg,1,0,0
/sv/kontakter/sverige/invest/anders-eliasson,1,0,0
/sv/kontakter/sverige/invest/angelica-ingerdahl,1,0,0
/sv/kontakter/sverige/invest/robin-pettersson,1,0,0
/sv/kontakter/sverige/regionala-kontakter/cathrin-damsholt-andersson,1,0,0
/sv/kontakter/sverige/regionala-kontakter/region-kronoberg,1,0,0
/sv/kontakter/sverige/regionala-kontakter/region-skane,1,0,0
/sv/kontakter/sverige/regionala-kontakter/region-sodermanland,1,0,0
/sv/kontakter/therese-dalebrant,1,0,0
/sv/kontakter/tomas-korseman,1,0,0
/sv/kontakter/viktor-lindelow,1,0,0
/sv/kontakter/yvonne-brycker,1,0,0
/sv/om-oss/media/pressreleaser/pressreleaser/2023/andreas-giallourakis-utses-till-ny-landschef-for-business-swedens-kontor-i-ukraina,1,0,0
/sv/om-oss/media/pressreleaser/pressreleaser/2023/business-sweden-har-idag-utsett-klas-ericson-att-leda-samordningsuppdrag-for-stora-etableringar-i-fordonsindustrins-grona-omstallning-i-sverige,1,0,0
/sv/om-oss/media/pressreleaser/pressreleaser/2023/business-sweden-tar-varlden-till-almedalen-2023,1,0,0
/sv/om-oss/media/pressreleaser/pressreleaser/2023/handelsframjande-i-mellanostern-i-fokus-nar-business-swedens-turne-inleds-i-goteborg,1,0,0
/sv/om-oss/media/pressreleaser/pressreleaser/2023/internationella-direktinvesteringar-i-varldsekonomin-faller--men-sverige-slar-rekord,1,0,0
/sv/om-oss/media/pressreleaser/pressreleaser/2023/nordisk-paviljong-pa-varldsutstallningen-expo-2025,1,0,0
/sv/om-oss/media/pressreleaser/pressreleaser/2024/business-sweden-initierar-en-ny-studie-om-hur-aktivt-jamstalldhetsarbete-kan-hjalpa-foretag-att-oka-sin-konkurrenskraft-internationellt,1,0,0
/sv/om-oss/media/pressreleaser/pressreleaser/2024/business-sweden-samlar-ledande-aktorer-i-stockholm-for-att-starka-europas-batteriindustri,1,0,0
/sv/om-oss/media/pressreleaser/pressreleaser/2024/business-swedens-vd-jan-larsson-tar-plats-i-g7-grundat-affarsrad-for-stod-till-ukraina,1,0,0
/sv/om-oss/media/pressreleaser/pressreleaser/2024/johan-snellman-ny-vice-vd-for-business-sweden,1,0,0
/sv/om-oss/media/pressreleaser/pressreleaser/2024/ordforande-och-vice-ordforande-utsedda-for-den-nordiska-paviljongen-pa-varldsutstallningen-expo-2025-osaka,1,0,0
/sv/om-oss/media/pressreleaser/pressreleaser/2024/regeringen-ger-business-sweden-i-uppdrag-att-leda-det-svenska-deltagandet-i-varldsutstallningen-i-osaka-expo-2025,1,0,0
/sv/om-oss/media/pressreleaser/pressreleaser/2025/business-sweden-arets-raket-i-evimetrix-undersokning-svenska-naringslivets-beslutsfattare-2024,1,0,0
/sv/om-oss/media/pressreleaser/pressreleaser/2025/business-sweden-kartlagger-sveriges-vardekedja-for-ny-karnkraftsutbyggnad,1,0,0
/sv/om-oss/media/pressreleaser/pressreleaser/2025/business-sweden-leder-foretagsdelegation-till-sydkorea,1,0,0
/sv/om-oss/media/pressreleaser/pressreleaser/2025/business-sweden-vaxer-i-indien-med-nyoppnat-kontor-i-mumbai,1,0,0
/sv/om-oss/media/pressreleaser/pressreleaser/2025/forlangning-av-green-transition-initiative--fler-mojligheter-for-svensk-hallbar-innovation-i-usa,1,0,0
/sv/om-oss/media/pressreleaser/pressreleaser/2025/investeringskonferensen-join-sweden-summit-samlar-globala-foretagsledare-i-stockholm,1,0,0
/sv/om-oss/media/pressreleaser/pressreleaser/2025/mer-handel-och-utveckling-business-sweden-oppnar-nytt-kontor-och-leder-affarsdelegation-till-nigeria,1,0,0
/sv/om-oss/media/pressreleaser/pressreleaser/2025/nordiska-paviljongen-pa-expo-2025-tre-manader-till-oppning,1,0,0
/sv/om-oss/media/pressreleaser/pressreleaser/2025/svensk-tjansteexport-tar-nya-kliv-pa-varldsmarknaden,1,0,0
/sv/om-oss/media/pressreleaser/pressreleaser/2025/svenska-bolag-siktar-pa-sydostasien,1,0,0
/sv/om-oss/media/pressreleaser/pressreleaser/2025/sverige-hedersgast-vid-f-air-colombia-2025--svensk-affarsdelegation-pa-plats-med-fokus-pa-framtidens-flyg,1,0,0
/sv/om-oss/media/pressreleaser/pressreleaser/2025/swedish-beauty-ar-tillbaka-med-en-femte-upplaga-pa-cosmoprof-worldwide-bologna-2025,1,0,0
/try-swedish-2.0/export-globally/news-and-insights/swedish-fika-a-staple-in-swedish-culture,1,0,0
/try-swedish-2.0/news-and-insights/nordic-oat-products-can-help-you-increase-your-sales,1,0,0
/insights/reports/whitepapers--guides/a-swedish-perspective-on-key-sectors-in-uganda,1,0,0